_id,Model year,Make,Model,Vehicle class,Engine size (L),Cylinders,Transmission,Fuel type,City (L/100 km),Highway (L/100 km),Combined (L/100 km),Combined (mpg),CO2 emissions (g/km),CO2 rating,Smog rating
1,2024,Acura,Integra A-SPEC,Full-size,1.5,4,AV7,Z,8.1,6.5,7.4,38,172,6,7
2,2024,Acura,Integra A-SPEC,Full-size,1.5,4,M6,Z,8.9,6.5,7.8,36,181,6,6
3,2024,Acura,Integra Type S,Full-size,2.0,4,M6,Z,11.1,8.3,9.9,29,230,5,6
4,2024,Acura,MDX SH-AWD,Sport utility vehicle: Small,3.5,6,AS10,Z,12.6,9.4,11.2,25,263,4,5
5,2024,Acura,MDX SH-AWD Type S,Sport utility vehicle: Standard,3.0,6,AS10,Z,13.8,11.2,12.4,23,291,4,5
6,2024,Acura,RDX SH-AWD,Sport utility vehicle: Small,2.0,4,AS10,Z,11.0,8.6,9.9,29,232,5,6
7,2024,Acura,RDX SH-AWD A-SPEC,Sport utility vehicle: Small,2.0,4,AS10,Z,11.3,9.1,10.3,27,241,5,6
8,2024,Alfa Romeo,Giulia,Mid-size,2.0,4,A8,Z,10.0,7.2,8.7,32,205,5,5
9,2024,Alfa Romeo,Giulia AWD,Mid-size,2.0,4,A8,Z,10.5,7.7,9.2,31,217,5,5
10,2024,Alfa Romeo,Giulia Quadrifoglio,Mid-size,2.9,6,A8,Z,13.5,9.3,11.6,24,271,4,3
11,2024,Alfa Romeo,Stelvio,Sport utility vehicle: Small,2.0,4,A8,Z,10.3,8.1,9.3,30,218,5,5
12,2024,Alfa Romeo,Stelvio AWD,Sport utility vehicle: Small,2.0,4,A8,Z,10.8,8.3,9.6,29,226,5,5
13,2024,Alfa Romeo,Stelvio AWD Quadrifoglio,Sport utility vehicle: Small,2.9,6,A8,Z,13.9,10.3,12.3,23,288,4,3
14,2024,Alfa Romeo,Tonale AWD,Sport utility vehicle: Small,2.0,4,A9,X,11.2,8.2,9.8,29,231,5,7
15,2024,Aston Martin,DB12,Minicompact,4.0,8,A8,Z,15.9,10.5,13.5,21,316,3,5
16,2024,Aston Martin,DBS V12,Minicompact,5.2,12,A8,Z,16.4,10.7,13.8,20,324,3,3
17,2024,Aston Martin,DBX V8,Sport utility vehicle: Standard,4.0,8,A9,Z,16.8,11.9,14.6,19,343,3,5
18,2024,Aston Martin,DBX707,Sport utility vehicle: Standard,4.0,8,A9,Z,15.7,12.0,14.0,20,329,3,5
19,2024,Aston Martin,Valour,Two-seater,5.2,12,M6,Z,18.9,13.1,16.3,17,383,2,3
20,2024,Audi,A3 40 TFSI quattro,Subcompact,2.0,4,AM7,X,9.2,6.9,8.1,35,191,6,7
21,2024,Audi,A4 45 TFSI quattro,Compact,2.0,4,AM7,Z,10.0,7.4,8.8,32,208,5,5
22,2024,Audi,A4 allroad 45 TFSI quattro,Station wagon: Small,2.0,4,AM7,Z,10.3,7.8,9.2,31,215,5,5
23,2024,Audi,A5 Cabriolet 45 TFSI quattro,Subcompact,2.0,4,AM7,Z,9.8,7.1,8.6,33,202,5,5
24,2024,Audi,A5 Coupé 45 TFSI quattro,Subcompact,2.0,4,AM7,Z,10.0,7.4,8.8,32,208,5,5
25,2024,Audi,A5 Sportback 45 TFSI quattro,Mid-size,2.0,4,AM7,Z,10.0,7.4,8.8,32,208,5,5
26,2024,Audi,A6 45 TFSI quattro,Mid-size,2.0,4,AM7,Z,10.4,7.2,9.0,31,210,5,5
27,2024,Audi,A6 55 TFSI quattro,Mid-size,3.0,6,AM7,Z,10.9,8.0,9.6,29,225,5,5
28,2024,Audi,A6 allroad 55 TFSI quattro,Station wagon: Mid-size,3.0,6,AM7,Z,10.9,8.0,9.6,29,225,5,5
29,2024,Audi,A7 Sportback 55 TFSI quattro,Mid-size,3.0,6,AM7,Z,10.9,8.0,9.6,29,225,5,5
30,2024,Audi,A8 L 55 TFSI quattro,Full-size,3.0,6,AS8,Z,12.4,8.4,10.6,27,249,5,5
31,2024,Audi,Q3 40 TFSI quattro,Sport utility vehicle: Small,2.0,4,AS8,X,10.7,8.1,9.5,30,224,5,6
32,2024,Audi,Q3 45 TFSI quattro,Sport utility vehicle: Small,2.0,4,AS8,X,11.5,8.5,10.2,28,239,5,7
33,2024,Audi,Q5 40 TFSI quattro,Sport utility vehicle: Small,2.0,4,AM7,Z,10.1,8.0,9.2,31,215,5,5
34,2024,Audi,Q5 45 TFSI quattro,Sport utility vehicle: Small,2.0,4,AM7,Z,11.0,8.5,9.9,29,230,5,5
35,2024,Audi,Q5 Sportback 45 TFSI quattro,Sport utility vehicle: Small,2.0,4,AM7,Z,11.0,8.5,9.9,29,230,5,5
36,2024,Audi,Q7 45 TFSI quattro,Sport utility vehicle: Standard,2.0,4,AS8,Z,12.3,9.4,11.0,26,258,4,5
37,2024,Audi,Q7 55 TFSI quattro,Sport utility vehicle: Standard,3.0,6,AS8,Z,12.7,9.8,11.4,25,268,4,5
38,2024,Audi,Q8 55 TFSI quattro,Sport utility vehicle: Standard,3.0,6,AS8,Z,13.6,10.4,12.1,23,285,4,5
39,2024,Audi,RS 5 Coupé,Subcompact,2.9,6,AS8,Z,12.9,9.3,11.3,25,264,4,5
40,2024,Audi,RS 5 Sportback,Mid-size,2.9,6,AS8,Z,13.3,9.6,11.6,24,272,4,5
41,2024,Audi,RS 6 Avant performance,Station wagon: Mid-size,4.0,8,AS8,Z,16.9,11.0,14.2,20,335,3,3
42,2024,Audi,RS 7 Sportback performance,Mid-size,4.0,8,AS8,Z,16.9,11.0,14.2,20,335,3,3
43,2024,Audi,RS Q8,Sport utility vehicle: Standard,4.0,8,AS8,Z,17.7,12.4,15.3,18,357,2,3
44,2024,Audi,S3 quattro,Subcompact,2.0,4,AM7,Z,10.2,7.4,8.9,32,208,5,5
45,2024,Audi,S4 quattro,Compact,3.0,6,AS8,Z,11.1,8.1,9.7,29,228,5,5
46,2024,Audi,S5 Cabriolet quattro,Subcompact,3.0,6,AS8,Z,11.9,8.8,10.5,27,247,5,5
47,2024,Audi,S5 Coupé quattro,Subcompact,3.0,6,AS8,Z,11.1,8.1,9.7,29,228,5,5
48,2024,Audi,S5 Sportback quattro,Mid-size,3.0,6,AS8,Z,11.8,8.2,10.2,28,238,5,5
49,2024,Audi,S6 quattro,Mid-size,2.9,6,AS8,Z,12.3,8.8,10.7,26,252,5,5
50,2024,Audi,S7 quattro,Mid-size,2.9,6,AS8,Z,12.3,8.8,10.7,26,252,5,5
51,2024,Audi,S8 quattro,Full-size,4.0,8,AS8,Z,16.0,10.0,13.3,21,312,4,3
52,2024,Audi,SQ5 quattro,Sport utility vehicle: Small,3.0,6,AS8,Z,12.6,9.8,11.4,25,266,4,5
53,2024,Audi,SQ5 Sportback quattro,Sport utility vehicle: Small,3.0,6,AS8,Z,12.6,9.8,11.4,25,266,4,5
54,2024,Audi,SQ7 quattro,Sport utility vehicle: Standard,4.0,8,AS8,Z,16.0,11.5,13.9,20,326,3,3
55,2024,Audi,SQ8 quattro,Sport utility vehicle: Standard,4.0,8,AS8,Z,15.6,11.5,13.8,20,322,3,3
56,2024,Bentley,Bentayga,Sport utility vehicle: Standard,4.0,8,AS8,Z,17.1,11.4,14.6,19,343,3,3
57,2024,Bentley,Bentayga EWB,Sport utility vehicle: Standard,4.0,8,AS8,Z,17.1,11.4,14.6,19,343,3,3
58,2024,Bentley,Continental GT,Subcompact,4.0,8,AM8,Z,16.4,10.5,13.7,21,322,3,3
59,2024,Bentley,Continental GT,Subcompact,6.0,12,AM8,Z,19.2,11.4,15.7,18,367,2,3
60,2024,Bentley,Continental GT Convertible,Minicompact,4.0,8,AM8,Z,16.7,11.4,14.3,20,337,3,3
61,2024,Bentley,Continental GT Convertible,Minicompact,6.0,12,AM8,Z,19.8,12.7,16.6,17,388,2,3
62,2024,Bentley,Flying Spur,Mid-size,4.0,8,AM8,Z,16.1,11.9,14.2,20,333,3,3
63,2024,Bentley,Flying Spur,Mid-size,6.0,12,AM8,Z,19.3,12.4,16.2,17,378,2,3
64,2024,BMW,230i xDrive Coupe,Subcompact,2.0,4,AS8,Z,9.6,7.1,8.4,34,195,6,3
65,2024,BMW,330i xDrive Sedan,Compact,2.0,4,AS8,Z,9.8,7.0,8.6,33,200,6,7
66,2024,BMW,430i xDrive Cabriolet,Subcompact,2.0,4,AS8,Z,10.0,7.1,8.7,32,203,5,7
67,2024,BMW,430i xDrive Coupe,Subcompact,2.0,4,AS8,Z,10.0,7.1,8.7,32,203,5,7
68,2024,BMW,530i xDrive Sedan,Mid-size,2.0,4,AS8,Z,8.7,6.8,7.9,36,182,6,7
69,2024,BMW,760i xDrive Sedan,Full-size,4.4,8,AS8,Z,13.3,9.3,11.5,25,265,4,5
70,2024,BMW,ALPINA B8 Gran Coupe,Mid-size,4.4,8,AS8,Z,14.1,9.9,12.2,23,284,4,3
71,2024,BMW,ALPINA XB7,Sport utility vehicle: Standard,4.4,8,AS8,Z,15.2,11.6,13.6,21,314,4,5
72,2024,BMW,M2 Coupe,Subcompact,3.0,6,AS8,Z,14.6,10.3,12.7,22,294,4,5
73,2024,BMW,M2 Coupe,Subcompact,3.0,6,M6,Z,14.3,10.0,12.4,23,287,4,5
74,2024,BMW,M240i xDrive Coupe,Subcompact,3.0,6,AS8,Z,10.4,7.4,9.0,31,210,5,5
75,2024,BMW,M3 Sedan,Compact,3.0,6,M6,Z,14.7,10.1,12.6,22,293,4,5
76,2024,BMW,M3 Competition M xDrive Sedan,Compact,3.0,6,AS8,Z,14.6,10.5,12.7,22,296,4,5
77,2024,BMW,M3 CS Sedan,Compact,3.0,6,AS8,Z,15.3,10.6,13.2,21,305,4,5
78,2024,BMW,M340i xDrive Sedan,Compact,3.0,6,AS8,Z,10.4,7.5,9.1,31,212,5,5
79,2024,BMW,M4 Competition M xDrive Cabriolet,Subcompact,3.0,6,AS8,Z,15.1,10.4,12.9,22,301,4,5
80,2024,BMW,M4 Competition M xDrive Coupe,Subcompact,3.0,6,AS8,Z,14.6,10.5,12.7,22,296,4,5
81,2024,BMW,M4 Coupe,Subcompact,3.0,6,M6,Z,14.7,10.1,12.6,22,293,4,5
82,2024,BMW,M440i xDrive Cabriolet,Subcompact,3.0,6,AS8,Z,10.4,7.5,9.1,31,211,5,5
83,2024,BMW,M440i xDrive Coupe,Subcompact,3.0,6,AS8,Z,10.7,7.5,9.3,30,216,5,5
84,2024,BMW,M8 Competition Cabriolet,Subcompact,4.4,8,AS8,Z,16.0,10.9,13.7,21,321,3,3
85,2024,BMW,M8 Competition Coupe,Subcompact,4.4,8,AS8,Z,16.0,10.9,13.7,21,321,3,3
86,2024,BMW,M8 Competition Gran Coupe,Mid-size,4.4,8,AS8,Z,16.0,10.9,13.7,21,321,3,3
87,2024,BMW,M850i xDrive Cabriolet,Subcompact,4.4,8,AS8,Z,14.1,9.9,12.2,23,284,4,3
88,2024,BMW,M850i xDrive Coupe,Subcompact,4.4,8,AS8,Z,14.1,9.9,12.2,23,284,4,3
89,2024,BMW,M850i xDrive Gran Coupe,Mid-size,4.4,8,AS8,Z,14.1,9.9,12.2,23,284,4,3
90,2024,BMW,X1 xDrive28i,Sport utility vehicle: Small,2.0,4,AM7,Z,9.6,7.0,8.4,34,195,6,8
91,2024,BMW,X1 M35i xDrive,Sport utility vehicle: Small,2.0,4,AM7,Z,10.1,7.6,9.0,31,208,5,6
92,2024,BMW,X2 xDrive28i,Sport utility vehicle: Small,2.0,4,AM7,Z,9.7,7.1,8.5,33,198,6,8
93,2024,BMW,X2 M35i xDrive,Sport utility vehicle: Small,2.0,4,AM7,Z,10.3,7.3,8.9,32,207,5,6
94,2024,BMW,X3 xDrive30i,Sport utility vehicle: Small,2.0,4,AS8,Z,11.0,8.4,9.9,29,229,5,7
95,2024,BMW,X3 M,Sport utility vehicle: Small,3.0,6,AS8,Z,15.7,11.7,13.9,20,323,3,3
96,2024,BMW,X3 M Competition,Sport utility vehicle: Small,3.0,6,AS8,Z,15.7,11.7,13.9,20,323,3,3
97,2024,BMW,X3 M40i,Sport utility vehicle: Small,3.0,6,AS8,Z,10.9,9.0,10.1,28,235,5,5
98,2024,BMW,X4 xDrive30i,Sport utility vehicle: Small,2.0,4,AS8,Z,11.0,8.4,9.9,29,229,5,7
99,2024,BMW,X4 M,Sport utility vehicle: Small,3.0,6,AS8,Z,15.7,11.7,13.9,20,323,3,3
100,2024,BMW,X4 M Competition,Sport utility vehicle: Small,3.0,6,AS8,Z,15.7,11.7,13.9,20,323,3,3
101,2024,BMW,X4 M40i,Sport utility vehicle: Small,3.0,6,AS8,Z,10.9,9.0,10.1,28,235,5,5
102,2024,BMW,X5 xDrive40i,Sport utility vehicle: Standard,3.0,6,AS8,Z,10.1,8.7,9.4,30,218,5,7
103,2024,BMW,X5 M Competition,Sport utility vehicle: Standard,4.4,8,AS8,Z,18.2,12.9,15.8,18,366,2,5
104,2024,BMW,X5 M60i,Sport utility vehicle: Standard,4.4,8,AS8,Z,13.8,10.5,12.3,23,285,4,5
105,2024,BMW,X6 xDrive40i,Sport utility vehicle: Standard,3.0,6,AS8,Z,10.3,8.9,9.6,29,223,5,7
106,2024,BMW,X6 M Competition,Sport utility vehicle: Standard,4.4,8,AS8,Z,18.2,12.9,15.8,18,366,2,5
107,2024,BMW,X6 M60i,Sport utility vehicle: Standard,4.4,8,AS8,Z,13.8,10.5,12.3,23,285,4,5
108,2024,BMW,X7 xDrive40i,Sport utility vehicle: Standard,3.0,6,AS8,Z,11.3,9.5,10.5,27,243,5,7
109,2024,BMW,X7 M60i,Sport utility vehicle: Standard,4.4,8,AS8,Z,14.3,11.1,12.9,22,299,4,5
110,2024,BMW,Z4 sDrive30i,Two-seater,2.0,4,AS8,Z,9.4,7.1,8.4,34,194,6,7
111,2024,BMW,Z4 M40i,Two-seater,3.0,6,AS8,Z,10.4,7.5,9.1,31,210,5,5
112,2024,Bugatti,Chiron Super Sport,Two-seater,8.0,16,AM7,Z,30.3,20.9,26.1,11,608,1,1
113,2024,Buick,Enclave AWD,Sport utility vehicle: Standard,3.6,6,A9,X,13.8,9.6,11.9,24,280,4,6
114,2024,Buick,Encore GX,Sport utility vehicle: Small,1.3,3,AV,X,8.0,7.6,7.8,36,183,6,7
115,2024,Buick,Encore GX AWD,Sport utility vehicle: Small,1.3,3,A9,X,9.1,8.4,8.8,32,207,5,7
116,2024,Buick,Envista,Station wagon: Small,1.2,3,A6,X,8.4,7.4,7.9,36,185,6,7
117,2024,Cadillac,CT4,Compact,2.0,4,AS8,Z,10.6,7.3,9.1,31,214,5,7
118,2024,Cadillac,CT4,Compact,2.7,4,AS10,Z,11.0,7.6,9.5,30,221,5,6
119,2024,Cadillac,CT4 AWD,Compact,2.0,4,AS8,Z,11.0,7.6,9.5,30,223,5,7
120,2024,Cadillac,CT4 AWD,Compact,2.7,4,AS10,Z,11.3,8.1,9.9,29,231,5,6
121,2024,Cadillac,CT4-V,Compact,2.7,4,AS10,Z,11.8,8.2,10.2,28,236,5,6
122,2024,Cadillac,CT4-V,Compact,3.6,6,AS10,Z,15.0,9.7,12.6,22,297,4,5
123,2024,Cadillac,CT4-V,Compact,3.6,6,M6,Z,15.2,10.2,13.0,22,303,4,5
124,2024,Cadillac,CT4-V AWD,Compact,2.7,4,AS10,Z,12.0,8.4,10.4,27,244,5,6
125,2024,Cadillac,CT5,Mid-size,2.0,4,AS10,Z,10.3,7.1,8.8,32,207,5,7
126,2024,Cadillac,CT5,Mid-size,3.0,6,AS10,Z,12.4,8.7,10.8,26,252,5,5
127,2024,Cadillac,CT5 AWD,Mid-size,2.0,4,AS10,Z,10.9,7.8,9.5,30,224,5,7
128,2024,Cadillac,CT5 AWD,Mid-size,3.0,6,AS10,Z,13.1,9.1,11.3,25,265,4,5
129,2024,Cadillac,CT5-V,Mid-size,3.0,6,AS10,Z,13.1,8.8,11.2,25,263,4,5
130,2024,Cadillac,CT5-V,Mid-size,6.2,8,AS10,Z,17.9,11.0,14.8,19,347,3,3
131,2024,Cadillac,CT5-V,Mid-size,6.2,8,M6,Z,18.5,11.4,15.3,18,358,2,3
132,2024,Cadillac,CT5-V AWD,Mid-size,3.0,6,AS10,Z,13.1,9.1,11.3,25,265,4,5
133,2024,Cadillac,Escalade 4WD,Sport utility vehicle: Standard,3.0,6,A10,D,11.7,9.0,10.5,27,281,4,3
134,2024,Cadillac,Escalade 4WD,Sport utility vehicle: Standard,6.2,8,A10,Z,16.6,13.0,15.0,19,350,3,6
135,2024,Cadillac,Escalade-V AWD,Sport utility vehicle: Standard,6.2,8,AS10,Z,20.8,14.7,18.1,16,425,1,3
136,2024,Cadillac,XT4,Sport utility vehicle: Small,2.0,4,AS9,Z,10.0,8.1,9.1,31,214,5,7
137,2024,Cadillac,XT4 AWD,Sport utility vehicle: Small,2.0,4,AS9,Z,10.4,8.4,9.5,30,224,5,7
138,2024,Cadillac,XT5,Sport utility vehicle: Small,2.0,4,AS9,Z,10.9,8.2,9.7,29,228,5,7
139,2024,Cadillac,XT5 AWD,Sport utility vehicle: Small,2.0,4,AS9,Z,11.2,8.7,10.1,28,237,5,7
140,2024,Cadillac,XT5 AWD,Sport utility vehicle: Small,3.6,6,AS9,X,12.9,9.2,11.2,25,264,4,6
141,2024,Cadillac,XT6 AWD,Sport utility vehicle: Small,2.0,4,AS9,Z,11.2,9.0,10.2,28,239,5,7
142,2024,Cadillac,XT6 AWD,Sport utility vehicle: Small,3.6,6,AS9,X,13.1,9.5,11.5,25,269,4,6
143,2024,Chevrolet,Blazer AWD,Sport utility vehicle: Small,2.0,4,A9,X,10.8,8.7,9.9,29,229,5,7
144,2024,Chevrolet,Blazer AWD,Sport utility vehicle: Small,3.6,6,A9,X,12.8,9.1,11.2,25,262,4,6
145,2024,Chevrolet,Camaro,Subcompact,3.6,6,AS10,X,12.8,8.2,10.7,26,253,5,6
146,2024,Chevrolet,Camaro,Subcompact,3.6,6,M6,X,14.3,9.0,11.9,24,280,4,6
147,2024,Chevrolet,Camaro SS,Subcompact,6.2,8,AS10,Z,14.6,8.9,12.0,24,281,4,1
148,2024,Chevrolet,Camaro SS,Subcompact,6.2,8,M6,Z,14.9,9.9,12.6,22,297,4,1
149,2024,Chevrolet,Camaro ZL1,Subcompact,6.2,8,AS10,Z,18.3,11.2,15.1,19,355,3,1
150,2024,Chevrolet,Camaro ZL1,Subcompact,6.2,8,M6,Z,17.2,12.0,14.9,19,349,3,1
151,2024,Chevrolet,Colorado,Pickup truck: Small,2.7,4,A8,X,11.8,9.9,10.9,26,256,5,7
152,2024,Chevrolet,Colorado (Turbo Plus),Pickup truck: Small,2.7,4,A8,X,12.3,9.7,11.1,25,261,4,7
153,2024,Chevrolet,Colorado 4WD,Pickup truck: Small,2.7,4,A8,X,12.7,10.8,11.8,24,278,4,7
154,2024,Chevrolet,Colorado 4WD (Turbo Plus),Pickup truck: Small,2.7,4,A8,X,13.0,10.4,11.8,24,277,4,7
155,2024,Chevrolet,Colorado 4WD Mud Terrain Tire (Turbo Plus),Pickup truck: Small,2.7,4,A8,X,14.0,11.9,13.1,22,307,4,7
156,2024,Chevrolet,Colorado ZR2 4WD (Turbo Plus),Pickup truck: Small,2.7,4,A8,X,14.1,13.8,14.0,20,328,3,7
157,2024,Chevrolet,Colorado ZR2 Bison 4WD (Turbo Plus),Pickup truck: Small,2.7,4,A8,X,14.8,15.1,14.9,19,350,3,7
158,2024,Chevrolet,Corvette,Two-seater,6.2,8,AS8,Z,15.0,9.4,12.5,23,295,4,5
159,2024,Chevrolet,Corvette E-Ray,Two-seater,6.2,8,AS8,Z,15.1,9.7,12.7,22,298,4,3
160,2024,Chevrolet,Corvette Z06,Two-seater,5.5,8,AS8,Z,19.4,11.4,15.8,18,371,2,3
161,2024,Chevrolet,Corvette Z06 Carbon Aero,Two-seater,5.5,8,AS8,Z,20.0,12.7,16.7,17,392,2,3
162,2024,Chevrolet,Equinox,Sport utility vehicle: Small,1.5,4,A6,X,9.2,7.7,8.5,33,193,6,7
163,2024,Chevrolet,Equinox AWD,Sport utility vehicle: Small,1.5,4,A6,X,9.7,7.9,8.9,32,207,5,7
164,2024,Chevrolet,Malibu,Mid-size,1.5,4,AV,X,8.4,6.7,7.7,37,178,6,7
165,2024,Chevrolet,Silverado,Pickup truck: Standard,2.7,4,A8,X,12.9,10.9,12.0,24,281,4,7
166,2024,Chevrolet,Silverado (With Sport Mode),Pickup truck: Standard,2.7,4,A8,X,13.4,11.2,12.5,23,292,4,7
167,2024,Chevrolet,Silverado,Pickup truck: Standard,3.0,6,A10,D,10.1,8.1,9.2,31,247,5,5
168,2024,Chevrolet,Silverado,Pickup truck: Standard,5.3,8,A10,X,14.7,11.4,13.2,21,309,4,7
169,2024,Chevrolet,Silverado FFV,Pickup truck: Standard,5.3,8,A10,X,14.3,11.7,13.1,22,308,4,5
170,2024,Chevrolet,Silverado FFV,Pickup truck: Standard,5.3,8,A10,E,19.6,15.3,17.7,16,293,4,5
171,2024,Chevrolet,Silverado 4WD,Pickup truck: Standard,2.7,4,A8,X,13.2,11.2,12.3,23,289,4,7
172,2024,Chevrolet,Silverado 4WD (With Sport Mode),Pickup truck: Standard,2.7,4,A8,X,14.0,12.7,13.4,21,314,4,7
173,2024,Chevrolet,Silverado 4WD Mud Terrain Tire,Pickup truck: Standard,2.7,4,A8,X,14.9,13.9,14.4,20,337,3,7
174,2024,Chevrolet,Silverado 4WD Mud Terrain Tire (With Sport Mode),Pickup truck: Standard,2.7,4,A8,X,14.6,13.6,14.2,20,332,3,7
175,2024,Chevrolet,Silverado 4WD,Pickup truck: Standard,3.0,6,A10,D,11.0,9.7,10.4,27,280,4,5
176,2024,Chevrolet,Silverado 4WD (With Sport Mode),Pickup truck: Standard,3.0,6,A10,D,10.4,8.7,9.6,29,259,4,5
177,2024,Chevrolet,Silverado 4WD Mud Terrain Tire,Pickup truck: Standard,3.0,6,A10,D,11.3,10.4,10.9,26,293,4,5
178,2024,Chevrolet,Silverado 4WD,Pickup truck: Standard,5.3,8,A10,X,15.5,12.6,14.2,20,332,3,7
179,2024,Chevrolet,Silverado 4WD FFV,Pickup truck: Standard,5.3,8,A10,X,15.2,12.2,13.9,20,326,3,5
180,2024,Chevrolet,Silverado 4WD FFV,Pickup truck: Standard,5.3,8,A10,E,21.3,16.6,19.2,15,318,3,5
181,2024,Chevrolet,Silverado 4WD Mud Terrain Tire,Pickup truck: Standard,5.3,8,A10,X,15.8,13.1,14.6,19,342,3,7
182,2024,Chevrolet,Silverado 4WD Mud Terrain Tire FFV,Pickup truck: Standard,5.3,8,A10,X,15.2,12.2,13.9,20,326,3,5
183,2024,Chevrolet,Silverado 4WD Mud Terrain Tire FFV,Pickup truck: Standard,5.3,8,A10,E,21.3,16.6,19.2,15,318,3,5
184,2024,Chevrolet,Silverado 4WD,Pickup truck: Standard,6.2,8,A10,Z,15.6,11.9,13.9,20,327,3,6
185,2024,Chevrolet,Silverado 4WD Mud Terrain Tire,Pickup truck: Standard,6.2,8,A10,Z,17.1,14.0,15.7,18,367,2,6
186,2024,Chevrolet,Silverado 4WD ZR2,Pickup truck: Standard,3.0,6,A10,D,11.9,10.8,11.4,25,306,4,5
187,2024,Chevrolet,Silverado 4WD ZR2,Pickup truck: Standard,6.2,8,A10,Z,16.8,14.1,15.6,18,367,2,6
188,2024,Chevrolet,Suburban,Sport utility vehicle: Standard,3.0,6,A10,D,11.2,8.7,10.1,28,272,4,3
189,2024,Chevrolet,Suburban,Sport utility vehicle: Standard,5.3,8,A10,X,15.8,11.8,14.0,20,327,3,6
190,2024,Chevrolet,Suburban 4WD,Sport utility vehicle: Standard,3.0,6,A10,D,11.7,9.0,10.5,27,281,4,3
191,2024,Chevrolet,Suburban 4WD,Sport utility vehicle: Standard,5.3,8,A10,X,16.2,13.2,14.8,19,346,3,6
192,2024,Chevrolet,Suburban 4WD,Sport utility vehicle: Standard,6.2,8,A10,Z,16.6,13.0,15.0,19,350,3,6
193,2024,Chevrolet,Tahoe,Sport utility vehicle: Standard,3.0,6,A10,D,11.0,8.4,9.8,29,263,4,3
194,2024,Chevrolet,Tahoe,Sport utility vehicle: Standard,5.3,8,A10,X,15.8,11.8,14.0,20,327,3,6
195,2024,Chevrolet,Tahoe 4WD,Sport utility vehicle: Standard,3.0,6,A10,D,11.7,9.0,10.5,27,281,4,3
196,2024,Chevrolet,Tahoe 4WD,Sport utility vehicle: Standard,5.3,8,A10,X,15.8,11.8,14.0,20,327,3,6
197,2024,Chevrolet,Tahoe 4WD,Sport utility vehicle: Standard,6.2,8,A10,Z,16.6,13.0,15.0,19,350,3,6
198,2024,Chevrolet,Trailblazer,Sport utility vehicle: Small,1.2,3,AV,X,7.8,7.7,7.8,36,183,6,7
199,2024,Chevrolet,Trailblazer,Sport utility vehicle: Small,1.3,3,AV,X,8.1,7.2,7.7,37,181,6,7
200,2024,Chevrolet,Trailblazer AWD,Sport utility vehicle: Small,1.3,3,A9,X,9.0,8.1,8.6,33,204,5,7
201,2024,Chevrolet,Traverse Limited AWD,Sport utility vehicle: Standard,3.6,6,A9,X,13.8,9.6,11.9,24,280,4,6
202,2024,Chevrolet,Trax,Station wagon: Small,1.2,3,A6,X,8.3,7.4,7.9,36,185,6,7
203,2024,Chrysler,Grand Caravan,Minivan,3.6,6,A9,X,12.4,8.4,10.6,27,249,5,7
204,2024,Chrysler,Pacifica,Minivan,3.6,6,A9,X,12.4,8.4,10.6,27,249,5,7
205,2024,Chrysler,Pacifica AWD,Minivan,3.6,6,A9,X,14.1,9.4,12.0,24,279,4,7
206,2024,Dodge,Durango AWD,Sport utility vehicle: Standard,3.6,6,A8,X,13.0,9.4,11.3,25,266,4,7
207,2024,Dodge,Durango AWD,Sport utility vehicle: Standard,5.7,8,A8,X,16.7,10.9,14.1,20,331,3,5
208,2024,Dodge,Durango AWD SRT,Sport utility vehicle: Standard,6.4,8,A8,Z,18.3,12.2,15.6,18,363,2,1
209,2024,Dodge,Durango AWD SRT Hellcat,Sport utility vehicle: Standard,6.2,8,A8,Z,20.5,13.8,17.4,16,410,1,1
210,2024,Dodge,Hornet AWD,Sport utility vehicle: Small,2.0,4,A9,X,11.2,8.2,9.9,29,231,5,7
211,2024,Ferrari,812 Competizione,Two-seater,6.5,12,AM7,Z,19.3,15.0,17.4,16,405,2,3
212,2024,Ferrari,812 Competizione A,Two-seater,6.5,12,AM7,Z,19.4,14.7,17.3,16,402,2,3
213,2024,Ferrari,Daytona SP3,Two-seater,6.5,12,AM7,Z,19.9,14.8,17.6,16,410,1,3
214,2024,Ferrari,Purosangue,Sport utility vehicle: Standard,6.5,12,AM8,Z,22.0,15.3,19.0,15,442,1,6
215,2024,Ferrari,Roma,Subcompact,3.9,8,AM8,Z,14.2,10.6,12.6,22,293,4,6
216,2024,Ferrari,Roma Spider,Minicompact,3.9,8,AM8,Z,13.9,10.5,12.4,23,290,4,6
217,2024,Ford,Bronco 4WD,Sport utility vehicle: Small,2.3,4,AS10,X,12.0,11.2,11.6,24,273,4,5
218,2024,Ford,Bronco 4WD,Sport utility vehicle: Small,2.3,4,M7,X,11.9,11.1,11.6,24,271,4,5
219,2024,Ford,Bronco 4WD,Sport utility vehicle: Small,2.7,6,AS10,X,12.4,11.3,11.9,24,281,4,6
220,2024,Ford,Bronco Badlands 4WD,Sport utility vehicle: Small,2.3,4,M7,X,14.7,13.3,14.0,20,329,3,5
221,2024,Ford,Bronco Badlands 4WD,Sport utility vehicle: Small,2.7,6,AS10,X,13.8,13.8,13.8,20,324,3,6
222,2024,Ford,Bronco Black Diamond 4WD,Sport utility vehicle: Small,2.3,4,AS10,X,13.1,13.1,13.1,22,308,4,5
223,2024,Ford,Bronco Black Diamond 4WD,Sport utility vehicle: Small,2.3,4,M7,X,14.7,13.1,14.0,20,328,3,5
224,2024,Ford,Bronco Black Diamond 4WD,Sport utility vehicle: Small,2.7,6,AS10,X,13.1,13.1,13.1,22,308,4,6
225,2024,Ford,Bronco Raptor 4WD,Sport utility vehicle: Standard,3.0,6,AS10,X,15.7,14.8,15.3,18,358,2,6
226,2024,Ford,Bronco Sasquatch 4WD,Sport utility vehicle: Small,2.3,4,AS10,X,13.1,13.8,13.4,21,315,4,5
227,2024,Ford,Bronco Sasquatch 4WD,Sport utility vehicle: Small,2.3,4,M7,X,14.7,13.1,14.0,20,328,3,5
228,2024,Ford,Bronco Sasquatch 4WD,Sport utility vehicle: Small,2.7,6,AS10,X,14.0,13.7,13.9,20,326,3,6
229,2024,Ford,Bronco Sport 4WD,Sport utility vehicle: Small,1.5,3,A8,X,9.3,8.1,9.0,31,211,5,7
230,2024,Ford,Bronco Sport 4WD,Sport utility vehicle: Small,2.0,4,AS8,X,11.2,9.0,10.2,28,240,5,6
231,2024,Ford,Edge AWD,Sport utility vehicle: Small,2.0,4,A8,X,11.5,8.3,10.0,28,236,5,6
232,2024,Ford,Edge AWD,Sport utility vehicle: Small,2.0,4,AS8,X,11.5,8.4,10.1,28,238,5,6
233,2024,Ford,Edge AWD,Sport utility vehicle: Small,2.7,6,AS8,X,12.6,9.2,11.1,25,260,4,6
234,2024,Ford,Escape,Sport utility vehicle: Small,1.5,3,A8,X,8.9,6.9,8.0,35,187,6,7
235,2024,Ford,Escape AWD,Sport utility vehicle: Small,1.5,3,A8,X,9.2,7.4,8.4,34,197,6,7
236,2024,Ford,Escape AWD,Sport utility vehicle: Small,2.0,4,A8,X,10.2,7.6,9.1,31,213,5,7
237,2024,Ford,Escape Hybrid,Sport utility vehicle: Small,2.5,4,AV,X,5.6,6.5,6.0,47,140,7,8
238,2024,Ford,Escape Hybrid AWD,Sport utility vehicle: Small,2.5,4,AV,X,5.6,6.5,6.0,47,140,7,8
239,2024,Ford,Expedition 4X4,Sport utility vehicle: Standard,3.5,6,AS10,X,14.8,10.6,12.9,22,304,4,6
240,2024,Ford,Expedition Timberline 4X4,Sport utility vehicle: Standard,3.5,6,AS10,X,14.5,12.3,13.5,21,318,3,6
241,2024,Ford,Explorer AWD,Sport utility vehicle: Standard,2.3,4,A10,X,11.5,8.7,10.3,27,241,5,7
242,2024,Ford,Explorer Timberline AWD,Sport utility vehicle: Standard,2.3,4,AS10,X,12.2,10.5,11.5,25,269,4,7
243,2024,Ford,Explorer AWD,Sport utility vehicle: Standard,3.0,6,A10,X,13.3,9.8,11.7,24,275,4,7
244,2024,Ford,Explorer AWD,Sport utility vehicle: Standard,3.0,6,AS10,X,13.4,9.8,11.8,24,277,4,7
245,2024,Ford,F-150,Pickup truck: Standard,2.7,6,AS10,X,12.7,9.6,11.3,25,266,4,7
246,2024,Ford,F-150,Pickup truck: Standard,3.5,6,AS10,X,14.2,9.4,12.0,24,282,4,7
247,2024,Ford,F-150,Pickup truck: Standard,5.0,8,AS10,X,14.5,10.0,12.5,23,293,4,6
248,2024,Ford,F-150 4X4,Pickup truck: Standard,2.7,6,AS10,X,13.2,10.2,11.8,24,278,4,7
249,2024,Ford,F-150 4X4,Pickup truck: Standard,3.5,6,AS10,X,14.5,9.7,12.3,23,289,4,7
250,2024,Ford,F-150 4X4,Pickup truck: Standard,5.0,8,AS10,X,14.9,10.2,12.8,22,300,4,6
251,2024,Ford,F-150 Raptor 4X4,Pickup truck: Standard,3.5,6,AS10,X,16.6,13.1,15.0,19,353,3,7
252,2024,Ford,F-150 Raptor R 4X4,Pickup truck: Standard,5.2,8,AS10,X,22.8,15.9,19.7,14,460,1,5
253,2024,Ford,F-150 Tremor 4X4,Pickup truck: Standard,3.5,6,AS10,X,14.3,11.2,12.9,22,303,4,7
254,2024,Ford,F-150 Tremor 4X4,Pickup truck: Standard,5.0,8,AS10,X,15.2,11.9,13.7,21,322,3,6
255,2024,Ford,F-150 Hybrid 4X4,Pickup truck: Standard,3.5,6,AS10,X,11.4,10.1,10.8,26,253,5,7
256,2024,Ford,Maverick AWD,Pickup truck: Small,2.0,4,A8,X,10.8,8.1,9.6,29,225,5,6
257,2024,Ford,Maverick Tremor AWD,Pickup truck: Small,2.0,4,A8,X,11.9,9.9,11.0,26,257,4,6
258,2024,Ford,Maverick Hybrid,Pickup truck: Small,2.5,4,AV,X,5.6,7.1,6.3,45,147,7,7
259,2024,Ford,Mustang,Subcompact,2.3,4,A10,X,10.8,7.1,9.2,31,214,5,7
260,2024,Ford,Mustang (Performance Pack),Subcompact,2.3,4,AS10,X,11.1,8.2,9.8,29,228,5,7
261,2024,Ford,Mustang,Subcompact,5.0,8,AS10,X,15.8,9.8,13.1,22,307,4,7
262,2024,Ford,Mustang (Stop-Start),Subcompact,5.0,8,AS10,X,15.0,9.8,12.6,22,296,4,7
263,2024,Ford,Mustang,Subcompact,5.0,8,M6,X,16.6,10.2,13.8,20,321,3,7
264,2024,Ford,Mustang (Stop-Start),Subcompact,5.0,8,M6,X,15.5,10.0,13.0,22,306,4,7
265,2024,Ford,Mustang Dark Horse,Subcompact,5.0,8,AS10,X,16.5,10.9,13.9,20,326,3,7
266,2024,Ford,Mustang Dark Horse,Subcompact,5.0,8,M6,X,17.1,10.7,14.2,20,333,3,7
267,2024,Ford,Ranger 4WD,Pickup truck: Standard,2.3,4,AS10,X,11.9,9.8,11.0,26,257,5,6
268,2024,Ford,Ranger 4WD,Pickup truck: Standard,2.7,6,AS10,X,12.6,10.2,11.5,25,270,4,6
269,2024,Ford,Ranger Raptor 4WD,Pickup truck: Standard,3.0,6,AS10,X,14.9,12.8,14.0,20,326,3,6
270,2024,Genesis,G70 AWD,Compact,2.5,4,AS8,Z,11.7,8.4,10.2,28,239,5,6
271,2024,Genesis,G70 AWD,Compact,3.3,6,AS8,Z,14.0,9.4,11.9,24,282,4,3
272,2024,Genesis,G80 AWD,Full-size,2.5,4,AS8,Z,10.8,7.9,9.5,30,225,5,5
273,2024,Genesis,G80 AWD,Full-size,3.5,6,AS8,Z,14.8,9.9,12.6,22,298,4,5
274,2024,Genesis,G90,Full-size,3.5,6,AS8,Z,13.6,9.6,11.8,24,274,4,5
275,2024,Genesis,GV70 AWD,Sport utility vehicle: Small,2.5,4,AS8,Z,11.7,9.0,10.5,27,247,5,5
276,2024,Genesis,GV70 AWD,Sport utility vehicle: Small,3.5,6,AS8,Z,12.9,10.0,11.6,24,275,4,5
277,2024,Genesis,GV80 AWD,Sport utility vehicle: Standard,2.5,4,AS8,Z,11.3,9.5,10.5,27,248,5,5
278,2024,Genesis,GV80 AWD,Sport utility vehicle: Standard,3.5,6,AS8,Z,12.9,10.4,11.8,24,279,4,5
279,2024,GMC,Canyon,Pickup truck: Small,2.7,4,A8,X,12.4,10.3,11.5,25,270,4,7
280,2024,GMC,Canyon 4WD,Pickup truck: Small,2.7,4,A8,X,13.2,10.9,12.2,23,286,4,7
281,2024,GMC,Canyon 4WD Mud Terrain Tire,Pickup truck: Small,2.7,4,A8,X,14.0,11.9,13.1,22,307,4,7
282,2024,GMC,Canyon AT4X 4WD,Pickup truck: Small,2.7,4,A8,X,14.1,13.8,14.0,20,328,3,7
283,2024,GMC,Canyon AT4X AEV 4WD,Pickup truck: Small,2.7,4,A8,X,14.8,15.1,14.9,19,350,3,7
284,2024,GMC,Sierra,Pickup truck: Standard,2.7,4,A8,X,12.9,10.9,12.0,24,281,4,7
285,2024,GMC,Sierra (With Sport Mode),Pickup truck: Standard,2.7,4,A8,X,13.4,11.2,12.5,23,292,4,7
286,2024,GMC,Sierra,Pickup truck: Standard,3.0,6,A10,D,10.1,8.2,9.2,31,248,5,5
287,2024,GMC,Sierra,Pickup truck: Standard,5.3,8,A10,X,14.8,11.7,13.4,21,314,4,7
288,2024,GMC,Sierra FFV,Pickup truck: Standard,5.3,8,A10,X,14.3,11.7,13.1,22,308,4,5
289,2024,GMC,Sierra FFV,Pickup truck: Standard,5.3,8,A10,E,19.6,15.3,17.7,16,293,4,5
290,2024,GMC,Sierra 4WD,Pickup truck: Standard,2.7,4,A8,X,13.8,11.8,12.9,22,302,4,7
291,2024,GMC,Sierra 4WD (With Sport Mode),Pickup truck: Standard,2.7,4,A8,X,14.2,12.9,13.6,21,319,3,7
292,2024,GMC,Sierra 4WD Mud Terrain Tire,Pickup truck: Standard,2.7,4,A8,X,14.9,13.9,14.4,20,337,3,7
293,2024,GMC,Sierra 4WD,Pickup truck: Standard,3.0,6,A10,D,10.4,8.7,9.6,29,259,4,5
294,2024,GMC,Sierra 4WD Mud Terrain Tire,Pickup truck: Standard,3.0,6,A10,D,11.3,10.4,10.9,26,293,4,5
295,2024,GMC,Sierra 4WD,Pickup truck: Standard,5.3,8,A10,X,15.6,12.3,14.1,20,331,3,7
296,2024,GMC,Sierra 4WD FFV,Pickup truck: Standard,5.3,8,A10,X,15.2,12.2,13.9,20,326,3,5
297,2024,GMC,Sierra 4WD FFV,Pickup truck: Standard,5.3,8,A10,E,21.3,16.6,19.2,15,318,3,5
298,2024,GMC,Sierra 4WD Mud Terrain Tire,Pickup truck: Standard,5.3,8,A10,X,16.0,13.3,14.8,19,346,3,7
299,2024,GMC,Sierra 4WD Mud Terrain Tire FFV,Pickup truck: Standard,5.3,8,A10,X,15.2,12.2,13.9,20,326,3,5
300,2024,GMC,Sierra 4WD Mud Terrain Tire FFV,Pickup truck: Standard,5.3,8,A10,E,21.3,16.6,19.2,15,318,3,5
301,2024,GMC,Sierra 4WD,Pickup truck: Standard,6.2,8,A10,Z,16.0,12.1,14.3,20,335,3,6
302,2024,GMC,Sierra 4WD Mud Terrain Tire,Pickup truck: Standard,6.2,8,A10,Z,17.1,14.0,15.7,18,367,2,6
303,2024,GMC,Sierra 4WD AT4X,Pickup truck: Standard,3.0,6,A10,D,12.2,12.0,12.1,23,326,3,5
304,2024,GMC,Sierra 4WD AT4X,Pickup truck: Standard,6.2,8,A10,Z,16.8,14.7,15.9,18,375,2,6
305,2024,GMC,Terrain,Sport utility vehicle: Small,1.5,4,A9,X,9.8,8.1,9.0,31,212,5,7
306,2024,GMC,Terrain AWD,Sport utility vehicle: Small,1.5,4,A9,X,10.1,8.4,9.3,30,219,5,7
307,2024,GMC,Yukon,Sport utility vehicle: Standard,3.0,6,A10,D,11.2,8.7,10.1,28,272,4,3
308,2024,GMC,Yukon,Sport utility vehicle: Standard,5.3,8,A10,X,15.8,11.8,14.0,20,327,3,6
309,2024,GMC,Yukon 4WD,Sport utility vehicle: Standard,3.0,6,A10,D,11.7,9.0,10.5,27,281,4,3
310,2024,GMC,Yukon 4WD,Sport utility vehicle: Standard,5.3,8,A10,X,15.8,11.8,14.0,20,327,3,6
311,2024,GMC,Yukon 4WD,Sport utility vehicle: Standard,6.2,8,A10,Z,16.6,13.0,15.0,19,350,3,6
312,2024,GMC,Yukon XL,Sport utility vehicle: Standard,3.0,6,A10,D,11.2,8.7,10.1,28,272,4,3
313,2024,GMC,Yukon XL,Sport utility vehicle: Standard,5.3,8,A10,X,15.8,11.8,14.0,20,327,3,6
314,2024,GMC,Yukon XL 4WD,Sport utility vehicle: Standard,3.0,6,A10,D,11.7,9.0,10.5,27,281,4,3
315,2024,GMC,Yukon XL 4WD,Sport utility vehicle: Standard,5.3,8,A10,X,16.2,13.2,14.8,19,346,3,6
316,2024,GMC,Yukon XL 4WD,Sport utility vehicle: Standard,6.2,8,A10,Z,16.6,13.0,15.0,19,350,3,6
317,2024,Honda,Accord,Full-size,1.5,4,AV,X,8.1,6.4,7.3,39,171,6,7
318,2024,Honda,Accord Hybrid Sport/Touring,Mid-size,2.0,4,AV,X,5.0,5.7,5.3,53,124,8,7
319,2024,Honda,Civic Hatchback,Full-size,1.5,4,AV7,X,7.7,6.3,7.1,40,166,6,7
320,2024,Honda,Civic Hatchback,Full-size,1.5,4,M6,X,8.5,6.3,7.5,38,175,6,6
321,2024,Honda,Civic Hatchback,Full-size,2.0,4,AV,X,8.0,6.2,7.2,39,167,6,7
322,2024,Honda,Civic Hatchback,Full-size,2.0,4,M6,X,9.1,6.6,8.0,35,186,6,6
323,2024,Honda,Civic Sedan,Mid-size,1.5,4,AV7,X,7.6,6.1,6.9,41,162,7,7
324,2024,Honda,Civic Sedan,Mid-size,2.0,4,AV,X,7.7,6.0,6.9,41,162,7,7
325,2024,Honda,Civic Sedan,Mid-size,2.0,4,AV7,X,7.8,6.3,7.1,40,165,6,7
326,2024,Honda,Civic Sedan Si,Mid-size,1.5,4,M6,Z,8.7,6.4,7.7,37,180,6,6
327,2024,Honda,Civic Type R,Full-size,2.0,4,M6,Z,10.8,8.3,9.7,29,224,5,6
328,2024,Honda,CR-V,Sport utility vehicle: Small,1.5,4,AV,X,8.4,7.1,7.8,36,181,6,7
329,2024,Honda,CR-V AWD,Sport utility vehicle: Small,1.5,4,AV,X,9.1,7.6,8.4,34,197,6,6
330,2024,Honda,CR-V Hybrid AWD,Sport utility vehicle: Small,2.0,4,AV,X,6.0,6.9,6.4,44,151,7,7
331,2024,Honda,HR-V,Station wagon: Small,2.0,4,AV,X,9.1,7.4,8.3,34,194,6,7
332,2024,Honda,HR-V AWD,Station wagon: Small,2.0,4,AV,X,9.4,7.8,8.7,32,203,5,7
333,2024,Honda,Odyssey,Minivan,3.5,6,AS10,X,12.2,8.5,10.6,27,248,5,5
334,2024,Honda,Pilot AWD,Sport utility vehicle: Standard,3.5,6,AS10,X,12.4,9.3,11.0,26,258,4,7
335,2024,Honda,Pilot AWD Touring/Elite/Black,Sport utility vehicle: Standard,3.5,6,AS10,X,12.7,9.4,11.2,25,262,4,7
336,2024,Honda,Pilot AWD TrailSport,Sport utility vehicle: Standard,3.5,6,AS10,X,13.0,10.3,11.8,24,275,4,7
337,2024,Hyundai,Elantra,Mid-size,1.6,4,AM7,X,8.3,6.8,7.6,37,179,6,5
338,2024,Hyundai,Elantra,Mid-size,2.0,4,AV1,X,7.6,5.9,6.8,42,160,7,7
339,2024,Hyundai,Elantra (Stop/Start),Mid-size,2.0,4,AV1,X,7.3,5.7,6.5,43,153,7,7
340,2024,Hyundai,Elantra N,Mid-size,2.0,4,AM8,Z,11.8,8.6,10.4,27,244,5,3
341,2024,Hyundai,Elantra N,Mid-size,2.0,4,M6,Z,11.0,8.1,9.7,29,227,5,3
342,2024,Hyundai,Elantra Hybrid,Mid-size,1.6,4,AM6,X,4.8,4.5,4.7,60,110,8,7
343,2024,Hyundai,Kona,Sport utility vehicle: Small,2.0,4,AV1,X,8.4,6.7,7.6,37,179,6,7
344,2024,Hyundai,Kona (Stop/Start),Sport utility vehicle: Small,2.0,4,AV1,X,8.1,6.8,7.5,38,177,6,7
345,2024,Hyundai,Kona AWD,Sport utility vehicle: Small,1.6,4,AS8,X,9.7,8.3,9.1,31,214,5,7
346,2024,Hyundai,Kona AWD,Sport utility vehicle: Small,2.0,4,AV1,X,9.0,8.1,8.6,33,201,6,7
347,2024,Hyundai,Kona AWD (Stop/Start),Sport utility vehicle: Small,2.0,4,AV1,X,8.8,8.1,8.5,33,198,6,7
348,2024,Hyundai,Palisade AWD,Sport utility vehicle: Small,3.8,6,AS8,X,12.2,9.7,11.1,25,261,4,6
349,2024,Hyundai,Santa Cruz AWD,Pickup truck: Small,2.5,4,AM8,X,12.2,8.7,10.6,27,251,5,5
350,2024,Hyundai,Santa Fe AWD,Sport utility vehicle: Small,2.5,4,AM8,X,12.1,8.8,10.6,27,249,5,7
351,2024,Hyundai,Santa Fe AWD XRT,Sport utility vehicle: Small,2.5,4,AM8,X,12.2,9.1,10.8,26,254,5,7
352,2024,Hyundai,Sonata,Full-size,2.5,4,AM8,X,10.1,7.3,8.8,32,207,5,5
353,2024,Hyundai,Sonata,Full-size,2.5,4,AS8,X,9.6,6.5,8.2,34,193,6,7
354,2024,Hyundai,Sonata AWD,Full-size,2.5,4,AS8,X,9.9,7.0,8.6,33,203,5,7
355,2024,Hyundai,Sonata Hybrid,Full-size,2.0,4,AM6,X,5.3,4.6,5.0,56,117,8,7
356,2024,Hyundai,Tucson AWD,Sport utility vehicle: Small,2.5,4,AS8,X,10.0,7.9,9.1,31,213,5,7
357,2024,Hyundai,Tucson Hybrid,Sport utility vehicle: Small,1.6,4,AM6,X,6.3,6.6,6.4,44,152,7,7
358,2024,Hyundai,Venue,Sport utility vehicle: Small,1.6,4,AV1,X,7.9,6.9,7.5,38,177,6,5
359,2024,Infiniti,Q50 AWD,Mid-size,3.0,6,AS7,Z,12.5,8.7,10.8,26,254,5,3
360,2024,Infiniti,Q50 AWD Red Sport,Mid-size,3.0,6,AS7,Z,12.5,9.3,11.1,25,261,4,3
361,2024,Infiniti,QX50 AWD,Sport utility vehicle: Small,2.0,4,AV8,Z,10.8,8.3,9.7,29,228,5,6
362,2024,Infiniti,QX55 AWD,Sport utility vehicle: Small,2.0,4,AV8,Z,10.4,8.3,9.4,30,222,5,6
363,2024,Infiniti,QX60 AWD,Sport utility vehicle: Standard,3.5,6,AS9,Z,11.9,9.3,10.7,26,252,5,5
364,2024,Infiniti,QX80 4WD,Sport utility vehicle: Standard,5.6,8,AS7,Z,17.5,12.4,15.2,19,358,2,5
365,2024,Jaguar,E-PACE P250,Sport utility vehicle: Small,2.0,4,AS9,Z,11.5,9.2,10.4,27,247,5,7
366,2024,Jaguar,F-PACE P250,Sport utility vehicle: Small,2.0,4,AS8,Z,10.8,8.8,9.9,29,234,5,7
367,2024,Jaguar,F-PACE P400,Sport utility vehicle: Small,3.0,6,AS8,Z,12.6,9.4,11.1,25,261,4,7
368,2024,Jaguar,F-PACE P550 SVR,Sport utility vehicle: Small,5.0,8,AS8,Z,15.7,11.4,13.8,20,322,3,3
369,2024,Jaguar,F-TYPE P450 Convertible,Two-seater,5.0,8,AS8,Z,14.1,9.7,12.1,23,286,4,3
370,2024,Jaguar,F-TYPE P450 Convertible AWD,Two-seater,5.0,8,AS8,Z,15.2,9.8,12.7,22,299,4,3
371,2024,Jaguar,F-TYPE P450 Coupe,Two-seater,5.0,8,AS8,Z,14.1,9.7,12.1,23,286,4,3
372,2024,Jaguar,F-TYPE P450 Coupe AWD,Two-seater,5.0,8,AS8,Z,15.2,9.8,12.7,22,299,4,3
373,2024,Jaguar,F-TYPE P575 Convertible AWD,Two-seater,5.0,8,AS8,Z,15.2,9.8,12.7,22,299,4,3
374,2024,Jaguar,F-TYPE P575 Coupe AWD,Two-seater,5.0,8,AS8,Z,15.2,9.8,12.7,22,299,4,3
375,2024,Jaguar,XF P250,Mid-size,2.0,4,AS8,Z,10.2,7.7,9.1,31,215,5,7
376,2024,Jaguar,XF P300 AWD,Mid-size,2.0,4,AS8,Z,11.1,8.3,9.8,29,231,5,7
377,2024,Jeep,Compass 4X4,Sport utility vehicle: Small,2.0,4,A8,X,9.9,7.4,8.8,32,205,5,7
378,2024,Jeep,Gladiator 4X4,Pickup truck: Standard,3.6,6,A8,X,13.7,10.7,12.3,23,290,4,7
379,2024,Jeep,Gladiator 4X4,Pickup truck: Standard,3.6,6,M6,X,15.0,11.1,13.2,21,311,4,7
380,2024,Jeep,Grand Cherokee 4X4,Sport utility vehicle: Standard,3.6,6,A8,X,12.3,9.2,10.9,26,256,5,7
381,2024,Jeep,Grand Cherokee L 4X4,Sport utility vehicle: Standard,3.6,6,A8,X,13.0,9.4,11.3,25,266,4,7
382,2024,Jeep,Grand Cherokee L 4X4,Sport utility vehicle: Standard,5.7,8,A8,X,16.7,10.9,14.1,20,331,3,5
383,2024,Jeep,Grand Wagoneer 4X4 (High Output),Sport utility vehicle: Standard,3.0,6,A8,Z,16.3,11.8,14.3,20,334,3,5
384,2024,Jeep,Grand Wagoneer 4X4,Sport utility vehicle: Standard,6.4,8,A8,Z,18.6,12.8,16.0,18,374,2,1
385,2024,Jeep,Grand Wagoneer L 4X4 (High Output),Sport utility vehicle: Standard,3.0,6,A8,Z,16.3,11.8,14.3,20,334,3,5
386,2024,Jeep,Wagoneer 4X4,Sport utility vehicle: Standard,3.0,6,A8,X,14.5,10.1,12.5,23,293,4,7
387,2024,Jeep,Wagoneer L 4X4,Sport utility vehicle: Standard,3.0,6,A8,X,14.5,10.4,12.7,22,297,4,7
388,2024,Jeep,Wrangler JL 4X4,Sport utility vehicle: Small,2.0,4,A8,X,11.5,11.4,11.5,25,269,4,7
389,2024,Jeep,Wrangler JL 4X4,Sport utility vehicle: Small,3.6,6,A8,X,13.0,9.9,11.6,24,272,4,7
390,2024,Jeep,Wrangler JL 4X4 Rubicon,Sport utility vehicle: Small,3.6,6,A8,X,14.5,11.8,13.3,21,311,4,7
391,2024,Jeep,Wrangler JL 4X4,Sport utility vehicle: Small,3.6,6,M6,X,13.9,10.2,12.2,23,287,4,7
392,2024,Jeep,Wrangler JL Unlimited 4X4,Sport utility vehicle: Small,2.0,4,A8,X,11.8,11.6,11.7,24,271,4,7
393,2024,Jeep,Wrangler JL Unlimited 4X4,Sport utility vehicle: Small,3.6,6,A8,X,13.4,10.1,11.9,24,280,4,7
394,2024,Jeep,Wrangler JL Unlimited 4X4 Rubicon,Sport utility vehicle: Small,3.6,6,A8,X,15.0,12.2,13.7,21,322,3,7
395,2024,Jeep,Wrangler JL Unlimited 4X4,Sport utility vehicle: Small,3.6,6,M6,X,14.3,10.5,12.6,22,296,4,7
396,2024,Jeep,Wrangler JL Unlimited 4X4 392,Sport utility vehicle: Small,6.4,8,A8,Z,18.7,14.5,16.8,17,393,2,1
397,2024,Kia,Carnival,Minivan,3.5,6,AS8,X,12.1,9.0,10.7,26,253,5,5
398,2024,Kia,Forte,Mid-size,1.6,4,AM7,X,8.7,6.6,7.8,36,184,6,5
399,2024,Kia,Forte,Mid-size,2.0,4,AV,X,8.2,6.0,7.2,39,170,6,7
400,2024,Kia,Forte 5,Full-size,1.6,4,AM7,X,8.9,6.9,8.0,35,190,6,5
401,2024,Kia,Forte 5,Full-size,2.0,4,AV,X,8.6,6.5,7.7,37,182,6,7
402,2024,Kia,K5,Full-size,2.5,4,AM8,X,9.9,7.3,8.7,32,207,5,5
403,2024,Kia,K5 AWD,Full-size,1.6,4,AS8,X,9.3,7.0,8.3,34,196,6,5
404,2024,Kia,Niro,Sport utility vehicle: Small,1.6,4,AM6,X,4.5,5.2,4.8,59,112,8,7
405,2024,Kia,Niro FE,Sport utility vehicle: Small,1.6,4,AM6,X,4.5,4.4,4.4,64,104,8,7
406,2024,Kia,Seltos,Sport utility vehicle: Small,2.0,4,AV8,X,8.3,6.8,7.6,37,179,6,7
407,2024,Kia,Seltos AWD,Sport utility vehicle: Small,1.6,4,AS8,X,9.4,8.7,9.1,31,213,5,5
408,2024,Kia,Seltos AWD,Sport utility vehicle: Small,2.0,4,AV8,X,8.8,7.5,8.2,34,192,6,7
409,2024,Kia,Sorento Hybrid AWD,Sport utility vehicle: Small,1.6,4,AM6,X,6.5,7.1,6.8,42,160,7,7
410,2024,Kia,Soul,Station wagon: Small,2.0,4,AV,X,8.5,7.0,7.8,36,186,6,7
411,2024,Kia,Sportage,Sport utility vehicle: Small,2.5,4,AS8,X,9.3,7.1,8.3,34,195,6,7
412,2024,Kia,Sportage AWD,Sport utility vehicle: Small,2.5,4,AS8,X,10.1,8.7,9.5,30,222,5,7
413,2024,Kia,Sportage Hybrid AWD,Sport utility vehicle: Small,1.6,4,AM6,X,6.1,6.3,6.2,46,145,7,7
414,2024,Kia,Telluride AWD,Sport utility vehicle: Small,3.8,6,AS8,X,13.1,10.0,11.7,24,275,4,6
415,2024,Lamborghini,Huracán EVO Spyder,Two-seater,5.2,10,AM7,Z,18.4,13.3,16.1,18,375,2,1
416,2024,Lamborghini,Huracán Sterrato,Two-seater,5.2,10,AM7,Z,18.4,13.3,16.1,18,375,2,1
417,2024,Lamborghini,Huracán STO,Two-seater,5.2,10,AM7,Z,18.3,12.9,15.9,18,370,2,1
418,2024,Lamborghini,Huracán Tecnica,Two-seater,5.2,10,AM7,Z,18.3,12.9,15.9,18,370,2,1
419,2024,Lamborghini,Urus Performante,Mid-size,4.0,8,AS8,Z,16.6,12.5,14.8,19,345,3,3
420,2024,Lamborghini,Urus S,Sport utility vehicle: Standard,4.0,8,AS8,Z,16.6,12.5,14.8,19,345,3,3
421,2024,Land Rover,Defender 90 P300,Sport utility vehicle: Standard,2.0,4,AS8,Z,13.1,11.4,12.3,23,289,4,7
422,2024,Land Rover,Defender 90 P400,Sport utility vehicle: Standard,3.0,6,AS8,Z,12.9,10.8,12.0,24,281,4,7
423,2024,Land Rover,Defender 90 V8,Sport utility vehicle: Standard,5.0,8,AS8,Z,15.8,12.4,14.3,20,339,3,3
424,2024,Land Rover,Defender 110 P300,Sport utility vehicle: Standard,2.0,4,AS8,Z,13.2,11.9,12.6,22,294,4,7
425,2024,Land Rover,Defender 110 P400,Sport utility vehicle: Standard,3.0,6,AS8,Z,13.8,11.6,12.8,22,301,4,7
426,2024,Land Rover,Defender 110 V8 P500/P525,Sport utility vehicle: Standard,5.0,8,AS8,Z,16.4,12.7,14.7,19,350,3,3
427,2024,Land Rover,Defender 130 Outbound,Sport utility vehicle: Standard,3.0,6,AS8,Z,14.9,12.8,14.0,20,329,3,7
428,2024,Land Rover,Defender 130 P300,Sport utility vehicle: Standard,3.0,6,AS8,Z,14.0,11.7,12.9,22,304,4,7
429,2024,Land Rover,Defender 130 P400,Sport utility vehicle: Standard,3.0,6,AS8,Z,14.1,11.6,13.0,22,305,4,7
430,2024,Land Rover,Discovery P300,Sport utility vehicle: Standard,2.0,4,AS8,Z,12.2,9.8,11.1,25,262,4,7
431,2024,Land Rover,Discovery Sport P250,Sport utility vehicle: Small,2.0,4,AS9,Z,12.7,10.0,11.5,25,271,4,7
432,2024,Land Rover,Range Rover Evoque P250,Sport utility vehicle: Small,2.0,4,AS9,Z,11.9,8.8,10.5,27,247,5,7
433,2024,Land Rover,Range Rover Velar P250,Sport utility vehicle: Small,2.0,4,AS8,Z,10.9,8.9,10.0,28,237,5,7
434,2024,Land Rover,Range Rover Velar P340,Sport utility vehicle: Small,3.0,6,AS8,Z,12.1,9.0,10.7,26,253,5,7
435,2024,Land Rover,Range Rover Velar P400,Sport utility vehicle: Small,3.0,6,AS8,Z,12.6,9.4,11.1,25,261,4,7
436,2024,Lexus,ES 250 AWD,Mid-size,2.5,4,AS8,X,9.5,7.0,8.4,34,195,6,6
437,2024,Lexus,ES 300h,Mid-size,2.5,4,AV6,X,5.5,5.2,5.3,53,124,8,7
438,2024,Lexus,ES 350,Mid-size,3.5,6,AS8,X,10.7,7.3,9.2,31,214,5,5
439,2024,Lexus,ES 350 F SPORT,Mid-size,3.5,6,AS8,X,10.9,7.5,9.4,30,219,5,5
440,2024,Lexus,GX 550,Sport utility vehicle: Standard,3.4,6,AS10,Z,15.3,11.2,13.5,21,313,4,5
441,2024,Lexus,IS 300 AWD,Compact,3.5,6,AS6,Z,12.2,9.0,10.8,26,253,5,5
442,2024,Lexus,IS 350 AWD,Compact,3.5,6,AS6,Z,12.2,9.0,10.8,26,253,5,5
443,2024,Lexus,IS 500,Compact,5.0,8,AS8,Z,14.1,9.3,11.9,24,280,4,5
444,2024,Lexus,LC 500,Subcompact,5.0,8,AS10,Z,15.2,9.7,12.7,22,299,4,5
445,2024,Lexus,LC 500 Convertible,Minicompact,5.0,8,AS10,Z,16.0,9.5,13.0,22,304,4,5
446,2024,Lexus,LC 500h,Subcompact,3.5,6,AV10,Z,9.0,7.1,8.1,35,189,6,7
447,2024,Lexus,LS 500 AWD,Mid-size,3.4,6,AS10,Z,13.8,8.7,11.2,25,270,4,5
448,2024,Lexus,LS 500h AWD,Mid-size,3.5,6,AV10,Z,10.1,8.1,9.2,31,217,5,7
449,2024,Lexus,LX 600,Sport utility vehicle: Standard,3.4,6,AS10,Z,14.2,10.8,12.7,22,298,4,5
450,2024,Lexus,NX 250 AWD,Sport utility vehicle: Small,2.5,4,AS8,X,9.4,7.4,8.4,34,198,6,6
451,2024,Lexus,NX 350 AWD,Sport utility vehicle: Small,2.4,4,AS8,Z,10.8,8.5,9.8,29,228,5,7
452,2024,Lexus,NX 350 AWD F SPORT,Sport utility vehicle: Small,2.4,4,AS8,Z,11.2,8.3,9.7,29,230,5,7
453,2024,Lexus,NX 350h AWD,Sport utility vehicle: Small,2.5,4,AV6,Z,5.7,6.4,6.0,47,140,7,7
454,2024,Lexus,RC 300 AWD,Subcompact,3.5,6,AS6,Z,12.2,9.0,10.8,26,253,5,5
455,2024,Lexus,RC 350 AWD,Subcompact,3.5,6,AS6,Z,12.2,9.0,10.8,26,253,5,5
456,2024,Lexus,RC F,Subcompact,5.0,8,AS8,Z,14.4,9.6,12.2,23,285,4,5
457,2024,Lexus,RX 350 AWD,Sport utility vehicle: Small,2.4,4,AS8,Z,11.2,8.4,9.9,29,231,5,7
458,2024,Lexus,RX 350h AWD,Sport utility vehicle: Small,2.5,4,AV6,Z,6.3,6.8,6.5,43,151,7,7
459,2024,Lexus,RX 500h AWD,Sport utility vehicle: Small,2.4,4,AS6,Z,8.7,8.4,8.6,33,199,6,7
460,2024,Lexus,TX 350 AWD,Sport utility vehicle: Standard,2.4,4,AS8,Z,11.5,8.9,10.3,27,241,5,7
461,2024,Lexus,TX 500h AWD,Sport utility vehicle: Standard,2.4,4,AS6,Z,8.7,8.4,8.6,33,200,6,7
462,2024,Lexus,UX 250h AWD,Compact,2.0,4,AV6,X,5.7,6.2,6.0,47,140,7,7
463,2024,Lincoln,Aviator AWD,Sport utility vehicle: Standard,3.0,6,AS10,X,13.7,9.7,11.9,24,280,4,7
464,2024,Lincoln,Corsair AWD,Sport utility vehicle: Small,2.0,4,AS8,X,11.2,8.3,9.9,29,232,5,7
465,2024,Lincoln,Nautilus AWD,Sport utility vehicle: Small,2.0,4,A8,X,11.2,8.1,9.8,29,231,5,7
466,2024,Lincoln,Nautilus Hybrid AWD,Sport utility vehicle: Small,2.0,4,AV,X,7.9,7.6,7.7,37,180,6,7
467,2024,Lincoln,Navigator 4WD,Sport utility vehicle: Standard,3.5,6,AS10,X,15.2,10.8,13.2,21,310,4,6
468,2024,Maserati,Ghibli GT,Mid-size,3.0,6,A8,Z,13.4,9.4,11.6,24,271,4,3
469,2024,Maserati,Ghibli Modena,Mid-size,3.0,6,A8,Z,13.4,9.4,11.6,24,271,4,3
470,2024,Maserati,Ghibli Modena AWD,Mid-size,3.0,6,A8,Z,14.1,9.5,12.0,24,284,4,3
471,2024,Maserati,Ghibli Trofeo,Mid-size,3.8,8,A8,Z,17.4,11.9,14.9,19,348,3,1
472,2024,Maserati,Granturismo Modena,Subcompact,3.0,6,A8,Z,13.1,8.6,11.1,25,256,5,5
473,2024,Maserati,Granturismo Trofeo,Subcompact,3.0,6,A8,Z,13.1,8.6,11.1,25,256,5,5
474,2024,Maserati,Grecale GT,Sport utility vehicle: Small,2.0,4,A8,Z,10.6,8.0,9.4,30,218,5,5
475,2024,Maserati,Grecale Modena,Sport utility vehicle: Small,2.0,4,A8,Z,10.6,8.0,9.4,30,218,5,5
476,2024,Maserati,Grecale Trofeo,Sport utility vehicle: Small,3.0,6,A8,Z,13.3,9.5,11.6,24,268,4,5
477,2024,Maserati,Levante GT,Sport utility vehicle: Standard,3.0,6,A8,Z,15.1,10.9,13.2,21,308,4,3
478,2024,Maserati,Levante Modena,Sport utility vehicle: Standard,3.0,6,A8,Z,15.1,10.9,13.2,21,308,4,3
479,2024,Maserati,Levante Modena V8,Sport utility vehicle: Standard,3.8,8,A8,Z,17.4,12.0,15.0,19,349,3,1
480,2024,Maserati,Levante Trofeo,Sport utility vehicle: Standard,3.8,8,A8,Z,17.4,12.0,15.0,19,349,3,1
481,2024,Maserati,MC20,Two-seater,3.0,6,AS8,Z,15.4,9.5,12.8,22,295,4,5
482,2024,Maserati,MC20 Spyder,Two-seater,3.0,6,AS8,Z,15.6,9.4,12.8,22,299,4,5
483,2024,Maserati,Quattroporte GT,Full-size,3.0,6,A8,Z,14.4,9.3,12.1,23,281,4,3
484,2024,Maserati,Quattroporte Modena,Full-size,3.0,6,A8,Z,14.4,9.3,12.1,23,281,4,3
485,2024,Maserati,Quattroporte Modena AWD,Full-size,3.0,6,A8,Z,14.1,9.5,12.0,24,284,4,3
486,2024,Maserati,Quattroporte Trofeo,Full-size,3.8,8,A8,Z,17.4,11.9,14.9,19,348,3,1
487,2024,Mazda,CX-30 4WD,Sport utility vehicle: Small,2.5,4,AS6,X,9.0,7.1,8.2,34,192,6,7
488,2024,Mazda,CX-30 Turbo 4WD,Sport utility vehicle: Small,2.5,4,AS6,X,10.5,7.9,9.3,30,220,5,5
489,2024,Mazda,CX-5 4WD,Sport utility vehicle: Small,2.5,4,AS6,X,10.2,8.2,9.3,30,216,5,7
490,2024,Mazda,CX-5 4WD (Cylinder Deactivation),Sport utility vehicle: Small,2.5,4,AS6,X,9.1,7.7,8.5,33,199,6,7
491,2024,Mazda,CX-5 Turbo 4WD,Sport utility vehicle: Small,2.5,4,AS6,X,10.8,8.7,9.8,29,230,5,5
492,2024,Mazda,CX-50 4WD,Sport utility vehicle: Small,2.5,4,AS6,X,9.7,7.9,8.9,32,209,5,7
493,2024,Mazda,CX-50 Turbo 4WD,Sport utility vehicle: Small,2.5,4,AS6,X,10.4,8.2,9.4,30,221,5,5
494,2024,Mazda,CX-90 4WD,Sport utility vehicle: Standard,3.3,6,AS8,X,9.9,8.4,9.3,30,216,5,6
495,2024,Mazda,CX-90 4WD (High Power),Sport utility vehicle: Standard,3.3,6,AS8,Z,10.3,8.5,9.5,30,222,5,6
496,2024,Mazda,Mazda3 4-Door,Compact,2.5,4,AS6,X,8.4,6.3,7.5,38,175,6,7
497,2024,Mazda,Mazda3 4-Door 4WD,Compact,2.5,4,AS6,X,8.9,6.6,7.9,36,185,6,7
498,2024,Mazda,Mazda3 4-Door Turbo 4WD,Compact,2.5,4,AS6,X,10.1,7.3,8.8,32,207,5,5
499,2024,Mazda,Mazda3 5-Door,Mid-size,2.5,4,AS6,X,8.5,6.5,7.6,37,178,6,7
500,2024,Mazda,Mazda3 5-Door (SIL),Mid-size,2.5,4,M6,X,9.0,6.4,7.8,36,184,6,7
501,2024,Mazda,Mazda3 5-Door 4WD,Mid-size,2.5,4,AS6,X,9.0,7.1,8.1,35,191,6,7
502,2024,Mazda,Mazda3 5-Door Turbo 4WD,Mid-size,2.5,4,AS6,X,10.1,7.5,8.9,32,209,5,5
503,2024,Mazda,MX-5,Two-seater,2.0,4,AS6,Z,9.0,6.7,8.0,35,187,6,3
504,2024,Mazda,MX-5 (SIL),Two-seater,2.0,4,M6,Z,9.0,7.0,8.1,35,189,6,3
505,2024,Mercedes-Benz,AMG CLA 35 4MATIC Coupe,Compact,2.0,4,AM8,Z,10.8,8.0,9.6,29,225,5,6
506,2024,Mercedes-Benz,AMG CLA 45 S 4MATIC Coupe,Compact,2.0,4,AM8,Z,11.9,8.3,10.3,27,242,5,3
507,2024,Mercedes-Benz,AMG G 63 SUV,Sport utility vehicle: Standard,4.0,8,A9,Z,19.5,15.5,17.7,16,415,1,3
508,2024,Mercedes-Benz,AMG G 63 4x4 Squared SUV,Sport utility vehicle: Standard,4.0,8,A9,Z,23.5,19.4,21.7,13,508,1,3
509,2024,Mercedes-Benz,AMG GLA 35 4MATIC Coupe,Station wagon: Small,2.0,4,AM8,Z,11.0,8.6,9.9,29,230,5,6
510,2024,Mercedes-Benz,AMG GLB 35 4MATIC Coupe,Station wagon: Small,2.0,4,AM8,Z,11.5,9.0,10.4,27,238,5,6
511,2024,Mercedes-Benz,AMG GLE 53 4MATIC+ SUV,Sport utility vehicle: Standard,3.0,6,A9,Z,12.9,10.2,11.7,24,273,4,7
512,2024,Mercedes-Benz,AMG GLE 53 4MATIC+ Coupe,Sport utility vehicle: Standard,3.0,6,A9,Z,12.8,10.1,11.6,24,273,4,7
513,2024,Mercedes-Benz,AMG GLE 63 S 4MATIC+ SUV,Sport utility vehicle: Standard,4.0,8,A9,Z,16.6,12.3,14.7,19,343,3,5
514,2024,Mercedes-Benz,AMG GLE 63 S 4MATIC+ Coupe,Sport utility vehicle: Standard,4.0,8,A9,Z,16.6,12.3,14.7,19,343,3,5
515,2024,Mercedes-Benz,AMG GLS 63 4MATIC+ SUV,Sport utility vehicle: Standard,4.0,8,A9,Z,16.8,13.2,15.2,19,357,2,5
516,2024,Mercedes-Benz,C 300 4MATIC Sedan,Compact,2.0,4,A9,Z,10.1,7.1,8.8,32,206,5,8
517,2024,Mercedes-Benz,CLA 250 4MATIC Coupe,Compact,2.0,4,AM8,Z,9.5,6.8,8.3,34,194,6,6
518,2024,Mercedes-Benz,G 550 SUV,Sport utility vehicle: Standard,4.0,8,A9,Z,17.9,14.4,16.3,17,383,2,3
519,2024,Mercedes-Benz,GLA 250 4MATIC SUV,Sport utility vehicle: Small,2.0,4,AM8,Z,9.7,7.3,8.6,33,202,5,6
520,2024,Mercedes-Benz,GLB 250 4MATIC SUV,Sport utility vehicle: Small,2.0,4,AM8,Z,9.9,7.4,8.7,32,205,5,6
521,2024,Mercedes-Benz,GLC 300 4MATIC SUV,Sport utility vehicle: Small,2.0,4,A9,Z,10.0,7.8,9.0,31,212,5,7
522,2024,Mercedes-Benz,GLC 300 4MATIC Coupe,Sport utility vehicle: Small,2.0,4,A9,Z,10.0,7.8,9.0,31,212,5,7
523,2024,Mercedes-Benz,GLE 350 4MATIC SUV,Sport utility vehicle: Standard,2.0,4,A9,Z,11.5,8.6,10.2,28,238,5,7
524,2024,Mercedes-Benz,GLE 450 4MATIC SUV,Sport utility vehicle: Standard,3.0,6,A9,Z,12.1,9.2,10.8,26,252,5,7
525,2024,Mercedes-Benz,GLE 450 4MATIC Coupe,Sport utility vehicle: Standard,3.0,6,A9,Z,12.2,9.0,10.8,26,252,5,7
526,2024,Mercedes-Benz,GLS 450 4MATIC SUV,Sport utility vehicle: Standard,3.0,6,A9,Z,12.7,9.6,11.3,25,266,4,7
527,2024,Mercedes-Benz,GLS 580 4MATIC SUV,Sport utility vehicle: Standard,4.0,8,A9,Z,16.8,11.9,14.6,19,344,3,5
528,2024,Mercedes-Benz,GLS 600 4MATIC Maybach SUV,Sport utility vehicle: Standard,4.0,8,A9,Z,17.8,12.8,15.6,18,364,2,5
529,2024,Mercedes-Benz,S 580 4MATIC Sedan,Full-size,4.0,8,A9,Z,13.0,8.6,11.0,26,260,4,5
530,2024,Mercedes-Benz,Maybach S 580 4MATIC Sedan,Full-size,4.0,8,A9,Z,13.3,8.9,11.3,25,266,4,5
531,2024,MINI,Cooper 3 Door,Subcompact,1.5,3,AM7,Z,8.2,6.2,7.3,39,170,6,7
532,2024,MINI,Cooper 3 Door,Subcompact,1.5,3,M6,Z,8.6,6.3,7.5,38,176,6,7
533,2024,MINI,Cooper 5 Door,Subcompact,1.5,3,AM7,Z,8.2,6.2,7.3,39,170,6,7
534,2024,MINI,Cooper 5 Door,Subcompact,1.5,3,M6,Z,8.6,6.3,7.5,38,176,6,7
535,2024,MINI,Cooper Convertible,Minicompact,1.5,3,AM7,Z,8.2,6.2,7.3,39,170,6,7
536,2024,MINI,Cooper Convertible,Minicompact,1.5,3,M6,Z,8.6,6.3,7.5,38,176,6,7
537,2024,MINI,Cooper Countryman ALL4,Mid-size,1.5,3,AS8,Z,10.1,7.6,9.0,31,209,5,7
538,2024,MINI,Cooper S 3 Door,Subcompact,2.0,4,AM7,Z,8.5,6.2,7.5,38,174,6,7
539,2024,MINI,Cooper S 3 Door,Subcompact,2.0,4,M6,Z,10.2,7.0,8.8,32,205,5,7
540,2024,MINI,Cooper S 5 Door,Subcompact,2.0,4,AM7,Z,8.5,6.2,7.5,38,174,6,7
541,2024,MINI,Cooper S 5 Door,Subcompact,2.0,4,M6,Z,10.2,7.0,8.8,32,205,5,7
542,2024,MINI,Cooper S Convertible,Minicompact,2.0,4,AM7,Z,8.8,6.5,7.8,36,182,6,7
543,2024,MINI,Cooper S Convertible,Minicompact,2.0,4,M6,Z,10.1,7.1,8.8,32,205,5,7
544,2024,MINI,Cooper S Countryman ALL4,Mid-size,2.0,4,AS8,Z,10.4,7.5,9.1,31,212,5,7
545,2024,MINI,John Cooper Works 3 Door,Subcompact,2.0,4,AS8,Z,9.1,6.7,8.0,35,186,6,7
546,2024,MINI,John Cooper Works 3 Door,Subcompact,2.0,4,M6,Z,10.6,7.4,9.2,31,215,5,7
547,2024,MINI,John Cooper Works Convertible,Minicompact,2.0,4,AS8,Z,9.6,7.1,8.5,33,197,6,7
548,2024,MINI,John Cooper Works Countryman ALL4,Mid-size,2.0,4,AS8,Z,10.0,7.8,9.0,31,210,5,3
549,2024,Mitsubishi,Eclipse Cross 4WD,Sport utility vehicle: Small,1.5,4,AV8,X,9.6,8.9,9.3,30,216,5,5
550,2024,Mitsubishi,Mirage,Compact,1.2,3,AV,X,6.6,5.6,6.2,46,143,7,5
551,2024,Mitsubishi,Outlander 4WD,Sport utility vehicle: Small,2.5,4,AV8,X,9.7,7.9,8.9,32,208,5,6
552,2024,Mitsubishi,RVR,Sport utility vehicle: Small,2.0,4,AV6,X,9.7,7.8,8.9,32,207,5,5
553,2024,Mitsubishi,RVR 4WD,Sport utility vehicle: Small,2.0,4,AV6,X,10.0,8.1,9.1,31,213,5,5
554,2024,Mitsubishi,RVR 4WD,Sport utility vehicle: Small,2.4,4,AV6,X,10.3,8.3,9.4,30,218,5,5
555,2024,Nissan,Altima AWD,Mid-size,2.5,4,AV,X,9.1,6.5,7.9,36,187,6,7
556,2024,Nissan,Altima AWD SR/Platinum,Mid-size,2.5,4,AV8,X,9.3,6.7,8.1,35,191,6,7
557,2024,Nissan,Armada 4WD,Sport utility vehicle: Standard,5.6,8,AS7,Z,17.5,12.9,15.4,18,363,2,5
558,2024,Nissan,Frontier,Pickup truck: Standard,3.8,6,AS9,X,12.5,9.3,11.1,25,260,4,5
559,2024,Nissan,Frontier 4WD,Pickup truck: Standard,3.8,6,AS9,X,12.8,10.2,11.6,24,273,4,5
560,2024,Nissan,Frontier 4WD Pro-4X,Pickup truck: Standard,3.8,6,AS9,X,13.1,10.5,11.9,24,281,4,5
561,2024,Nissan,GT-R,Subcompact,3.8,6,AM6,Z,14.4,10.9,12.8,22,300,4,3
562,2024,Nissan,Kicks,Mid-size,1.6,4,AV,X,7.7,6.6,7.2,39,169,6,7
563,2024,Nissan,Murano AWD,Station wagon: Mid-size,3.5,6,AV7,X,12.0,8.5,10.4,27,245,5,5
564,2024,Nissan,Pathfinder 4WD,Sport utility vehicle: Small,3.5,6,AS9,X,11.7,9.3,10.6,27,248,5,5
565,2024,Nissan,Pathfinder 4WD Rock Creek,Sport utility vehicle: Standard,3.5,6,AS9,Z,11.9,10.0,11.1,25,260,4,5
566,2024,Nissan,Rogue,Sport utility vehicle: Small,1.5,3,AV8,X,7.8,6.5,7.2,39,169,6,6
567,2024,Nissan,Rogue AWD,Sport utility vehicle: Small,1.5,3,AV8,X,8.4,6.7,7.6,37,179,6,6
568,2024,Nissan,Rogue AWD SL/Platinum,Sport utility vehicle: Small,1.5,3,AV8,X,8.4,6.8,7.7,37,181,6,6
569,2024,Nissan,Sentra,Mid-size,2,4,AV,X,7.3,5.8,6.6,43,156,7,7
570,2024,Nissan,Sentra SR,Mid-size,2,4,AV,X,7.4,6.1,6.8,42,161,7,7
571,2024,Nissan,Sentra,Mid-size,2,4,M6,X,9.4,6.4,8.0,35,189,6,7
572,2024,Nissan,Sentra SR,Mid-size,2,4,M6,X,9.5,6.7,8.2,34,194,6,7
573,2024,Nissan,Versa,Compact,1.6,4,AV,X,7.4,5.9,6.7,42,158,7,7
574,2024,Nissan,Versa,Compact,1.6,4,M5,X,8.6,6.7,7.7,37,181,6,7
575,2024,Nissan,Z,Two-seater,3,6,AS9,Z,12.3,8.6,10.6,27,250,5,5
576,2024,Nissan,Z,Two-seater,3,6,M6,Z,13.4,10.0,11.9,24,280,4,5
577,2024,Nissan,Z NISMO,Two-seater,3,6,AS9,Z,14.1,9.9,12.2,23,287,4,5
578,2024,Porsche,718 Boxster,Two-seater,2.0,4,AM7,Z,11.0,8.7,10.0,28,233,5,1
579,2024,Porsche,718 Boxster,Two-seater,2.0,4,M6,Z,12.0,9.5,10.9,26,254,5,1
580,2024,Porsche,718 Boxster S,Two-seater,2.5,4,AM7,Z,12.2,9.2,10.9,26,255,5,1
581,2024,Porsche,718 Boxster S,Two-seater,2.5,4,M6,Z,12.5,9.6,11.2,25,263,4,1
582,2024,Porsche,718 Boxster GTS 4.0,Two-seater,4.0,6,AM7,Z,12.3,9.8,11.1,25,260,4,5
583,2024,Porsche,718 Boxster GTS 4.0,Two-seater,4.0,6,M6,Z,14.0,10.0,12.2,23,284,4,5
584,2024,Porsche,718 Cayman,Two-seater,2.0,4,AM7,Z,11.0,8.7,10.0,28,233,5,1
585,2024,Porsche,718 Cayman,Two-seater,2.0,4,M6,Z,12.0,9.5,10.9,26,254,5,1
586,2024,Porsche,718 Cayman S,Two-seater,2.5,4,AM7,Z,12.2,9.2,10.9,26,255,5,1
587,2024,Porsche,718 Cayman S,Two-seater,2.5,4,M6,Z,12.5,9.6,11.2,25,263,4,1
588,2024,Porsche,718 Cayman GTS 4.0,Two-seater,4.0,6,AM7,Z,12.3,9.8,11.1,25,260,4,5
589,2024,Porsche,718 Cayman GTS 4.0,Two-seater,4.0,6,M6,Z,14.0,10.0,12.2,23,284,4,5
590,2024,Porsche,718 GT4 RS,Two-seater,4.0,6,AM7,Z,16.0,12.5,14.4,20,338,3,3
591,2024,Porsche,911 Carrera,Minicompact,3.0,6,AM8,Z,13.1,9.8,11.6,24,275,4,5
592,2024,Porsche,911 Carrera 4,Minicompact,3.0,6,AM8,Z,13.1,9.8,11.6,24,275,4,5
593,2024,Porsche,911 Carrera Cabriolet,Minicompact,3.0,6,AM8,Z,13.1,9.8,11.6,24,275,4,5
594,2024,Porsche,911 Carrera 4 Cabriolet,Minicompact,3.0,6,AM8,Z,13.1,9.7,11.6,24,275,4,5
595,2024,Porsche,911 Carrera T,Minicompact,3.0,6,AM8,Z,12.7,9.7,11.4,25,276,4,5
596,2024,Porsche,911 Carrera T,Minicompact,3.0,6,M7,Z,13.8,9.3,11.8,24,275,4,5
597,2024,Porsche,911 Carrera S,Minicompact,3.0,6,AM8,Z,12.9,10.2,11.7,24,274,4,5
598,2024,Porsche,911 Carrera S,Minicompact,3.0,6,M7,Z,12.8,9.4,11.3,25,264,4,5
599,2024,Porsche,911 Carrera 4S,Minicompact,3.0,6,AM8,Z,13.0,10.2,11.8,24,275,4,5
600,2024,Porsche,911 Carrera 4S,Minicompact,3.0,6,M7,Z,13.8,9.3,11.8,24,275,4,5
601,2024,Porsche,911 Carrera S Cabriolet,Minicompact,3.0,6,AM8,Z,12.9,10.2,11.7,24,273,4,5
602,2024,Porsche,911 Carrera S Cabriolet,Minicompact,3.0,6,M7,Z,13.8,9.4,11.8,24,275,4,5
603,2024,Porsche,911 Carrera 4S Cabriolet,Minicompact,3.0,6,AM8,Z,12.8,10.2,11.7,24,273,4,5
604,2024,Porsche,911 Carrera 4S Cabriolet,Minicompact,3.0,6,M7,Z,13.8,9.8,12.0,24,281,4,5
605,2024,Porsche,911 Carrera GTS,Minicompact,3.0,6,AM8,Z,13.8,10.1,12.1,23,289,4,5
606,2024,Porsche,911 Carrera GTS,Minicompact,3.0,6,M7,Z,13.5,9.8,11.9,24,276,4,5
607,2024,Porsche,911 Carrera 4 GTS,Minicompact,3.0,6,AM8,Z,13.8,10.1,12.1,23,288,4,5
608,2024,Porsche,911 Carrera 4 GTS,Minicompact,3.0,6,M7,Z,13.8,10.2,12.2,23,289,4,5
609,2024,Porsche,911 Carrera GTS Cabriolet,Minicompact,3.0,6,AM8,Z,13.8,10.2,12.2,23,289,4,5
610,2024,Porsche,911 Carrera GTS Cabriolet,Minicompact,3.0,6,M7,Z,13.8,9.6,11.9,24,278,4,5
611,2024,Porsche,911 Carrera 4 GTS Cabriolet,Minicompact,3.0,6,AM8,Z,13.7,10.7,12.3,23,288,4,5
612,2024,Porsche,911 Carrera 4 GTS Cabriolet,Minicompact,3.0,6,M7,Z,14.7,10.2,12.7,22,296,4,5
613,2024,Porsche,911 Dakar,Minicompact,3.0,6,AM8,Z,14.7,9.8,12.5,23,293,4,5
614,2024,Porsche,911 GT3,Two-seater,4.0,6,AM7,Z,16.7,13.0,15.1,19,355,3,3
615,2024,Porsche,911 GT3,Two-seater,4.0,6,M6,Z,17.5,12.5,15.3,18,356,3,3
616,2024,Porsche,911 GT3 RS,Two-seater,4.0,6,AM7,Z,16.8,13.0,15.1,19,354,3,3
617,2024,Porsche,911 GT3 Touring,Two-seater,4.0,6,AM7,Z,16.7,13.0,15.1,19,355,3,3
618,2024,Porsche,911 GT3 Touring,Two-seater,4.0,6,M6,Z,17.5,12.5,15.3,18,356,3,3
619,2024,Porsche,911 Targa 4,Minicompact,3.0,6,AM8,Z,13.1,9.8,11.6,24,275,4,5
620,2024,Porsche,911 Targa 4S,Minicompact,3.0,6,AM8,Z,13.1,10.2,11.8,24,274,4,5
621,2024,Porsche,911 Targa 4S,Minicompact,3.0,6,M7,Z,13.7,9.8,11.9,24,278,4,5
622,2024,Porsche,911 Targa 4 GTS,Minicompact,3.0,6,AM8,Z,13.6,10.7,12.3,23,286,4,5
623,2024,Porsche,911 Targa 4 GTS,Minicompact,3.0,6,M7,Z,14.7,10.2,12.7,22,296,4,5
624,2024,Porsche,911 Turbo,Minicompact,3.7,6,AM8,Z,16.5,11.4,14.2,20,332,3,5
625,2024,Porsche,911 Turbo Cabriolet,Minicompact,3.7,6,AM8,Z,16.9,11.5,14.5,19,339,3,5
626,2024,Porsche,911 Turbo S,Minicompact,3.7,6,AM8,Z,16.6,11.8,14.4,20,345,3,5
627,2024,Porsche,911 Turbo S Cabriolet,Minicompact,3.7,6,AM8,Z,16.7,11.8,14.5,19,341,3,5
628,2024,Porsche,Cayenne,Sport utility vehicle: Standard,3.0,6,AS8,Z,13.8,10.2,12.2,23,291,4,5
629,2024,Porsche,Cayenne Coupe,Sport utility vehicle: Standard,3.0,6,AS8,Z,13.8,10.2,12.2,23,291,4,5
630,2024,Porsche,Cayenne S,Sport utility vehicle: Standard,4.0,8,AS8,Z,15.3,11.2,13.5,21,324,3,3
631,2024,Porsche,Cayenne S Coupe,Sport utility vehicle: Standard,4.0,8,AS8,Z,15.7,11.0,13.6,21,324,3,3
632,2024,Porsche,Cayenne Turbo GT Coupe,Sport utility vehicle: Standard,4.0,8,AS8,Z,15.5,11.8,13.8,20,324,3,3
633,2024,Porsche,Macan,Sport utility vehicle: Small,2.0,4,AM7,Z,12.4,9.3,11.0,26,263,4,5
634,2024,Porsche,Macan T,Sport utility vehicle: Small,2.0,4,AM7,Z,12.2,9.6,11.0,26,259,4,5
635,2024,Porsche,Macan S,Sport utility vehicle: Small,2.9,6,AM7,Z,13.8,10.1,12.2,23,289,4,5
636,2024,Porsche,Macan GTS,Sport utility vehicle: Small,2.9,6,AM7,Z,13.5,10.7,12.2,23,290,4,5
637,2024,Ram,1500 eTorque,Pickup truck: Standard,3.6,6,A8,X,11.9,9.4,10.8,26,253,5,7
638,2024,Ram,1500 eTorque,Pickup truck: Standard,5.7,8,A8,X,13.0,10.0,11.7,24,275,4,5
639,2024,Ram,1500 4X4 eTorque,Pickup truck: Standard,3.6,6,A8,X,12.1,9.7,11.0,26,259,4,7
640,2024,Ram,1500 4X4 eTorque,Pickup truck: Standard,5.7,8,A8,X,13.4,10.5,12.1,23,284,4,5
641,2024,Ram,1500 4X4 TRX,Pickup truck: Standard,6.2,8,A8,Z,22.4,16.5,19.8,14,465,1,1
642,2024,Rolls-Royce,Cullinan,Station wagon: Mid-size,6.7,12,AS8,Z,20.1,12.4,16.7,17,390,2,3
643,2024,Rolls-Royce,Cullinan Black Badge,Station wagon: Mid-size,6.7,12,AS8,Z,20.1,12.4,16.7,17,390,2,3
644,2024,Rolls-Royce,Ghost,Full-size,6.7,12,AS8,Z,19.9,12.7,16.7,17,388,2,3
645,2024,Rolls-Royce,Ghost Black Badge,Full-size,6.7,12,AS8,Z,19.9,12.7,16.7,17,388,2,3
646,2024,Rolls-Royce,Ghost Extended,Full-size,6.7,12,AS8,Z,19.9,12.7,16.7,17,388,2,3
647,2024,Rolls-Royce,Phantom,Full-size,6.7,12,AS8,Z,20.2,13.1,17.0,17,397,2,3
648,2024,Rolls-Royce,Phantom Extended,Full-size,6.7,12,AS8,Z,20.2,13.1,17.0,17,397,2,3
649,2024,Subaru,Ascent AWD,Sport utility vehicle: Standard,2.4,4,AV8,X,12.3,9.4,11.0,26,256,5,5
650,2024,Subaru,BRZ,Minicompact,2.4,4,AS6,Z,11.0,7.7,9.5,30,224,5,3
651,2024,Subaru,BRZ,Minicompact,2.4,4,M6,Z,12.0,8.8,10.5,27,247,5,3
652,2024,Subaru,Crosstrek AWD,Sport utility vehicle: Small,2.0,4,AV8,X,8.8,7.1,8.0,35,188,6,7
653,2024,Subaru,Crosstrek AWD,Sport utility vehicle: Small,2.5,4,AV8,X,8.9,7.2,8.1,35,190,6,7
654,2024,Subaru,Crosstrek Wilderness AWD,Sport utility vehicle: Small,2.5,4,AV8,X,9.4,8.1,8.8,32,206,5,7
655,2024,Subaru,Forester AWD,Sport utility vehicle: Small,2.5,4,AV8,X,9.0,7.2,8.2,34,192,6,7
656,2024,Subaru,Forester Wilderness AWD,Sport utility vehicle: Small,2.5,4,AV8,X,9.5,8.3,9.0,31,210,5,7
657,2024,Subaru,Impreza AWD,Station wagon: Small,2.0,4,AV8,X,8.8,6.9,8.0,35,185,6,7
658,2024,Subaru,Impreza AWD,Station wagon: Small,2.5,4,AV8,X,9.0,7.2,8.2,34,190,6,7
659,2024,Subaru,Legacy AWD,Mid-size,2.4,4,AV8,X,10.1,7.5,9.0,31,209,5,6
660,2024,Subaru,Outback AWD,Sport utility vehicle: Small,2.4,4,AV8,X,10.6,8.1,9.5,30,221,5,6
661,2024,Subaru,Outback AWD,Sport utility vehicle: Small,2.5,4,AV8,X,9.2,7.3,8.3,34,195,6,7
662,2024,Subaru,Outback Wilderness AWD,Sport utility vehicle: Small,2.4,4,AV8,X,11.0,9.0,10.1,28,235,5,6
663,2024,Subaru,WRX AWD,Mid-size,2.4,4,AV8,Z,12.7,9.4,11.2,25,262,4,3
664,2024,Subaru,WRX AWD,Mid-size,2.4,4,M6,Z,12.3,9.0,10.8,26,254,5,3
665,2024,Toyota,4Runner 4WD,Sport utility vehicle: Standard,4.0,6,AS5,X,14.9,12.6,13.8,20,323,3,5
666,2024,Toyota,4Runner 4WD (Part-Time 4WD),Sport utility vehicle: Standard,4.0,6,AS5,X,14.8,12.5,13.8,20,320,3,5
667,2024,Toyota,Camry SE,Mid-size,2.5,4,AS8,X,8.5,6.1,7.4,38,174,6,7
668,2024,Toyota,Camry XSE V6/TRD,Mid-size,3.5,6,AS8,X,10.7,7.4,9.2,31,215,5,5
669,2024,Toyota,Camry AWD SE,Mid-size,2.5,4,AS8,X,9.4,6.8,8.2,34,192,6,6
670,2024,Toyota,Camry AWD XSE,Mid-size,2.5,4,AS8,X,9.5,7.0,8.4,34,195,6,6
671,2024,Toyota,Camry Hybrid LE,Mid-size,2.5,4,AV6,X,4.9,4.8,4.9,58,113,8,7
672,2024,Toyota,Camry Hybrid SE/XLE/XSE,Mid-size,2.5,4,AV6,X,5.3,5.0,5.1,55,121,8,7
673,2024,Toyota,Corolla (1-mode),Compact,2.0,4,AV10,X,7.4,5.7,6.7,42,158,7,7
674,2024,Toyota,Corolla (3-mode),Compact,2.0,4,AV10,X,7.6,5.9,6.8,42,160,7,7
675,2024,Toyota,Corolla Hatchback,Compact,2.0,4,AV10,X,7.5,5.9,6.8,42,159,7,7
676,2024,Toyota,Corolla Hybrid,Compact,1.8,4,AV,X,4.4,5.1,4.7,60,110,8,7
677,2024,Toyota,Corolla Hybrid AWD (2-mode),Compact,1.8,4,AV,X,4.6,5.3,4.9,58,115,8,7
678,2024,Toyota,Corolla Hybrid AWD (3-mode),Compact,1.8,4,AV,X,5.0,5.7,5.3,53,124,8,7
679,2024,Toyota,Corolla Cross,Sport utility vehicle: Small,2.0,4,AV10,X,7.6,7.2,7.4,38,172,6,7
680,2024,Toyota,Corolla Cross AWD,Sport utility vehicle: Small,2.0,4,AV10,X,8.1,7.5,7.8,36,183,6,7
681,2024,Toyota,Corolla Cross Hybrid AWD,Sport utility vehicle: Small,2.0,4,AV6,X,5.2,6.2,5.6,50,130,8,7
682,2024,Toyota,Crown AWD,Mid-size,2.4,4,AS6,X,8.1,7.3,7.8,36,182,6,7
683,2024,Toyota,Crown AWD,Mid-size,2.5,4,AV,X,5.6,5.7,5.7,50,133,7,7
684,2024,Toyota,GR Corolla,Subcompact,1.6,3,M6,Z,11.1,8.3,9.8,29,229,5,5
685,2024,Toyota,GR Supra 2.0,Two-seater,2.0,4,AS8,Z,9.3,7.7,8.6,33,200,6,7
686,2024,Toyota,GR Supra 3.0,Two-seater,3.0,6,AS8,Z,10.2,7.7,9.1,31,212,5,5
687,2024,Toyota,GR Supra 3.0,Two-seater,3.0,6,M6,Z,12.7,8.8,10.9,26,255,5,5
688,2024,Toyota,GR86,Minicompact,2.4,4,AS6,Z,11.2,7.8,9.7,29,227,5,3
689,2024,Toyota,GR86,Minicompact,2.4,4,M6,Z,12.0,8.9,10.6,27,249,5,3
690,2024,Toyota,Grand Highlander AWD Limited,Sport utility vehicle: Standard,2.4,4,AS8,X,11.6,9.0,10.7,26,249,5,7
691,2024,Toyota,Grand Highlander AWD XLE,Sport utility vehicle: Standard,2.4,4,AS8,X,11.2,8.6,10.0,28,236,5,7
692,2024,Toyota,Grand Highlander Hybrid AWD Limited,Sport utility vehicle: Standard,2.5,4,AV6,X,6.6,7.4,7.0,40,161,7,7
693,2024,Toyota,Grand Highlander Hybrid AWD XLE,Sport utility vehicle: Standard,2.5,4,AV6,X,6.6,7.4,7.0,40,161,7,7
694,2024,Toyota,Grand Highlander Platinum Hybrid MAX AWD,Sport utility vehicle: Standard,2.4,4,AS6,X,9.0,8.6,8.8,32,206,5,7
695,2024,Toyota,Highlander AWD,Sport utility vehicle: Small,2.4,4,AS8,X,11.0,8.4,9.9,29,232,5,7
696,2024,Toyota,Highlander Hybrid AWD,Sport utility vehicle: Standard,2.5,4,AV,X,6.7,6.8,6.7,42,158,7,7
697,2024,Toyota,Highlander Hybrid AWD Limited/Platinum,Sport utility vehicle: Standard,2.5,4,AV,X,6.6,6.8,6.7,42,156,7,7
698,2024,Toyota,Prius AWD,Mid-size,2.0,4,AV,X,4.8,4.7,4.8,59,111,8,7
699,2024,Toyota,RAV4 AWD,Sport utility vehicle: Small,2.5,4,AS8,X,9.5,7.2,8.5,33,199,6,6
700,2024,Toyota,RAV4 AWD (Stop/Start),Sport utility vehicle: Small,2.5,4,AS8,X,8.8,7.1,8.0,35,187,6,6
701,2024,Toyota,RAV4 AWD LE,Sport utility vehicle: Small,2.5,4,AS8,X,8.7,6.9,7.9,36,184,6,6
702,2024,Toyota,RAV4 Hybrid AWD,Sport utility vehicle: Small,2.5,4,AV,X,5.8,6.3,6.0,47,139,7,7
703,2024,Toyota,RAV4 Hybrid AWD Woodland Edition,Sport utility vehicle: Small,2.5,4,AV,X,6.1,6.8,6.4,44,149,7,7
704,2024,Toyota,Sequoia 4WD,Sport utility vehicle: Standard,3.4,6,AS10,X,12.6,10.5,11.7,24,273,4,5
705,2024,Toyota,Sienna,Minivan,2.5,4,AV,X,6.6,6.5,6.6,43,153,7,7
706,2024,Toyota,Sienna AWD,Minivan,2.5,4,AV,X,6.8,6.6,6.7,42,158,7,7
707,2024,Toyota,Tacoma 4WD (2-mode),Pickup truck: Small,2.4,4,AS8,X,12.5,9.6,11.2,25,264,4,6
708,2024,Toyota,Tacoma 4WD (3-mode),Pickup truck: Small,2.4,4,AS8,X,12.4,10.2,11.4,25,269,4,6
709,2024,Toyota,Tacoma 4WD,Pickup truck: Small,2.4,4,M6,X,13.2,10.3,11.9,24,279,4,5
710,2024,Toyota,Tundra,Pickup truck: Standard,3.4,6,AS10,X,13.1,10.1,11.7,24,275,4,5
711,2024,Toyota,Tundra 4WD,Pickup truck: Standard,3.4,6,AS10,X,13.6,10.4,12.2,23,285,4,5
712,2024,Toyota,Tundra 4WD TRD,Pickup truck: Standard,3.4,6,AS10,X,13.5,10.6,12.2,23,286,4,5
713,2024,Toyota,Tundra Hybrid 4WD,Pickup truck: Standard,3.4,6,AS10,X,12.7,10.5,11.7,24,274,4,5
714,2024,Toyota,Tundra Hybrid 4WD TRD PRO,Pickup truck: Standard,3.4,6,AS10,X,12.9,11.6,12.3,23,287,4,5
715,2024,Toyota,Venza AWD,Sport utility vehicle: Small,2.5,4,AV,X,5.9,6.4,6.1,46,141,7,7
716,2024,Volkswagen,Atlas 4MOTION Comfortline,Sport utility vehicle: Small,2.0,4,AS8,X,12.2,9.2,10.8,26,253,5,3
717,2024,Volkswagen,Atlas 4MOTION Highline/Execline,Sport utility vehicle: Small,2.0,4,AS8,X,12.6,9.4,11.2,25,262,4,3
718,2024,Volkswagen,Atlas 4MOTION Peak Edition,Sport utility vehicle: Small,2.0,4,AS8,X,13.0,9.7,11.5,25,270,4,3
719,2024,Volkswagen,Atlas Cross Sport 4MOTION,Sport utility vehicle: Small,2.0,4,AS8,X,12.2,9.2,10.8,26,253,5,3
720,2024,Volkswagen,Golf GTI,Compact,2.0,4,AM7,X,9.9,7.4,8.8,32,204,5,5
721,2024,Volkswagen,Golf GTI,Compact,2.0,4,M6,X,10.1,7.0,8.7,32,203,5,5
722,2024,Volkswagen,Golf R,Compact,2.0,4,AM7,Z,10.5,7.7,9.3,30,217,5,5
723,2024,Volkswagen,Golf R,Compact,2.0,4,M6,Z,11.8,8.3,10.2,28,237,5,5
724,2024,Volkswagen,Jetta,Compact,1.5,4,AS8,X,7.9,5.7,6.9,41,162,7,7
725,2024,Volkswagen,Jetta Comfortline/Highline,Compact,1.5,4,AS8,X,8.1,5.9,7.1,40,168,6,7
726,2024,Volkswagen,Jetta,Compact,1.5,4,M6,X,8.2,5.6,7.0,40,165,7,7
727,2024,Volkswagen,Jetta GLI,Compact,2.0,4,AM7,X,9.0,6.5,7.9,36,185,6,7
728,2024,Volkswagen,Jetta GLI,Compact,2.0,4,M6,X,9.8,6.7,8.4,34,198,6,7
729,2024,Volkswagen,Taos,Sport utility vehicle: Small,1.5,4,AS8,X,8.4,6.5,7.5,38,178,6,7
730,2024,Volkswagen,Taos 4MOTION,Sport utility vehicle: Small,1.5,4,AM7,X,9.9,7.5,8.8,32,208,5,7
731,2024,Volkswagen,Tiguan 4MOTION,Sport utility vehicle: Small,2.0,4,AS8,X,10.6,8.0,9.4,30,222,5,7
732,2024,Volkswagen,Tiguan R-Line 4MOTION,Sport utility vehicle: Small,2.0,4,AS8,X,10.9,8.1,9.7,29,228,5,7
733,2024,Volvo,S60 B5 AWD,Compact,2.0,4,AS8,Z,9.5,7.1,8.4,34,196,6,5
734,2024,Volvo,S90 B6 AWD,Mid-size,2.0,4,AS8,Z,10.6,7.6,9.2,31,216,5,7
735,2024,Volvo,V60 CC B5 AWD,Station wagon: Small,2.0,4,AS8,Z,10.0,7.5,8.9,32,207,5,5
736,2024,Volvo,V90 CC B6 AWD,Station wagon: Mid-size,2.0,4,AS8,Z,10.7,8.1,9.5,30,223,5,7
737,2024,Volvo,XC40 B5 AWD,Sport utility vehicle: Small,2.0,4,AS8,Z,9.9,7.8,9.0,31,210,5,5
738,2024,Volvo,XC60 B5 AWD,Sport utility vehicle: Small,2.0,4,AS8,Z,10.6,8.3,9.6,29,226,5,5
739,2024,Volvo,XC90 B6 AWD,Sport utility vehicle: Standard,2.0,4,AS8,Z,10.9,8.6,9.8,29,230,5,7
